year,rank,candidateRank,selectionRank,importanceScore,importanceReasons,paperId,title,authors,venue,publicationDate,citationCount,influentialCitationCount,category,abstract,doi,arxiv,pubmed,url,semanticScholarUrl,openAccessPdf,fieldsOfStudy,candidate
2005,1,1,,217.649,citations=426; influential=39; recognized venue; BCI term matches=2; title BCI matches=2; open PDF metadata,4a7725fde413ca215a52c089edf47c212589746b,An improved P300-based brain-computer interface,"Hilit Serby, E. Yom-Tov, G. Inbar",IEEE transactions on neural systems and rehabilitation engineering,2005-03-14,426,39,"SSVEP, P300, and ERP Spellers",,10.1109/TNSRE.2004.841878,,15813410,https://doi.org/10.1109/TNSRE.2004.841878,https://www.semanticscholar.org/paper/4a7725fde413ca215a52c089edf47c212589746b,,Computer Science; Medicine,True
2005,2,2,,210.305,citations=447; influential=18; recognized venue; dataset/benchmark; BCI term matches=2; title BCI matches=2; open PDF metadata,b148aa18075467ebf36b6d74e0568881a00da69b,Characterization of four-class motor imagery EEG data for the BCI-competition 2005,"A. Schlögl, F. Lee, H. Bischof, G. Pfurtscheller",Journal of Neural Engineering,2005-12-16,447,18,Motor Imagery and Movement Decoding,,10.1088/1741-2560/2/4/L02,,16317224,https://doi.org/10.1088/1741-2560/2/4/L02,https://www.semanticscholar.org/paper/b148aa18075467ebf36b6d74e0568881a00da69b,,Computer Science; Medicine; Physics,True
2005,3,3,,207.677,citations=560; influential=19; recognized venue; BCI term matches=1; title BCI matches=1; open PDF metadata,a6809b1755b996e234c33380b7bd1c55f21cee34,Steady-state visual evoked potential (SSVEP)-based communication: impact of harmonic frequency components,"G. Müller-Putz, Reinhold Scherer, Christian Brauneis, G. Pfurtscheller",Journal of Neural Engineering,2005-12-01,560,19,"SSVEP, P300, and ERP Spellers",,10.1088/1741-2560/2/4/008,,16317236,https://doi.org/10.1088/1741-2560/2/4/008,https://www.semanticscholar.org/paper/a6809b1755b996e234c33380b7bd1c55f21cee34,,Computer Science; Engineering; Medicine; Physics,True
2005,4,4,,200.658,citations=572; influential=22; BCI term matches=1; title BCI matches=1; open PDF metadata,ba7dd4c55ae4a72d5e9928fafd9b11129ddc05ce,Patients with ALS can use sensorimotor rhythms to operate a brain-computer interface,"A. Kübler, F. Nijboer, J. Mellinger, T. M. Vaughan, H. Pawelzik, G. Schalk, et al.",Neurology,2005-05-24,572,22,Motor Imagery and Movement Decoding,,10.1212/01.WNL.0000158616.43002.6D,,15911809,https://doi.org/10.1212/01.WNL.0000158616.43002.6D,https://www.semanticscholar.org/paper/ba7dd4c55ae4a72d5e9928fafd9b11129ddc05ce,,Medicine; Psychology,True
2005,5,5,,197.933,citations=416; influential=23; BCI term matches=2; title BCI matches=2; open PDF metadata,15fb82016a2f423c1f8e5c694d6b1e643f7d2b49,Common Spatial Pattern Method for Channel Selelction in Motor Imagery Based Brain-computer Interface,"Yijun Wang, Shangkai Gao, Xiaorong Gao",2005 IEEE Engineering in Medicine and Biology 27th Annual Conference,,416,23,Motor Imagery and Movement Decoding,,10.1109/IEMBS.2005.1615701,,17281471,https://doi.org/10.1109/IEMBS.2005.1615701,https://www.semanticscholar.org/paper/15fb82016a2f423c1f8e5c694d6b1e643f7d2b49,,Computer Science; Medicine,True
2005,6,6,,183.256,citations=262; influential=12; recognized venue; BCI term matches=1; title BCI matches=1; open PDF metadata,486e33232a01be7a6e7fdb399bf7ea2da3a3a558,Visual spatial attention tracking using high-density SSVEP data for independent brain-computer communication,"S. Kelly, E. Lalor, R. Reilly, John J. Foxe",IEEE transactions on neural systems and rehabilitation engineering,2005-06-13,262,12,"SSVEP, P300, and ERP Spellers",,10.1109/TNSRE.2005.847369,,16003896,https://doi.org/10.1109/TNSRE.2005.847369,https://www.semanticscholar.org/paper/486e33232a01be7a6e7fdb399bf7ea2da3a3a558,,Computer Science; Engineering; Medicine; Psychology,True
2005,7,7,,178.938,citations=189; influential=13; recognized venue; BCI term matches=2; title BCI matches=1; open PDF metadata,a21d1e1dd6ef6625adf8850bc9f11a3cea94ee50,Visual spatial attention control in an independent brain-computer interface,"S. Kelly, E. Lalor, C. Finucane, G. McDarby, R. Reilly",IEEE Transactions on Biomedical Engineering,2005-08-15,189,13,"SSVEP, P300, and ERP Spellers","This paper presents a novel brain computer interface (BCI) design employing visual evoked potential (VEP) modulations in a paradigm involving no dependency on peripheral muscles or nerves. The system utilizes electrophysiological correlates of visual spatial attention mechanisms, the self-regulation of which is naturally developed through continuous application in everyday life. An interface involving real-time biofeedback is described, demonstrating reduced training time in comparison to existing BCIs based on self-regulation paradigms. Subjects were cued to covertly attend to a sequence of letters superimposed on a flicker stimulus in one visual field while ignoring a similar stimulus of a different flicker frequency in the opposite visual field. Classification of left/right spatial attention is achieved by extracting steady-state visual evoked potentials (SSVEPs) elicited by the stimuli. Six out of eleven physically and neurologically healthy subjects demonstrate reliable control in binary decision-making, achieving at least 75% correct selections in at least one of only five sessions, each of approximately 12-min duration. The highest-performing subject achieved over 90% correct selections in each of four sessions. This independent BCI may provide a new method of real-time interaction for those with little or no peripheral control, with the added advantage of requiring only brief training.",10.1109/TBME.2005.851510,,16189972,https://doi.org/10.1109/TBME.2005.851510,https://www.semanticscholar.org/paper/a21d1e1dd6ef6625adf8850bc9f11a3cea94ee50,https://www.tara.tcd.ie/bitstream/2262/17620/1/spatial.pdf,Computer Science; Engineering; Medicine; Psychology,True
2005,8,8,,175.301,citations=303; influential=6; recognized venue; BCI term matches=1; title BCI matches=1; open PDF metadata,ca7218b7654329bc592f5052a58e82ea58da8a82,Cortical Ensemble Adaptation to Represent Velocity of an Artificial Actuator Controlled by a Brain-Machine Interface,"M. Lebedev, J. Carmena, Joseph E. O’Doherty, M. Zacksenhouse, C. Henriquez, J. Príncipe, et al.",Journal of Neuroscience,2005-05-11,303,6,Motor Imagery and Movement Decoding,"Monkeys can learn to directly control the movements of an artificial actuator by using a brain-machine interface (BMI) driven by the activity of a sample of cortical neurons. Eventually, they can do so without moving their limbs. Neuronal adaptations underlying the transition from control of the limb to control of the actuator are poorly understood. Here, we show that rapid modifications in neuronal representation of velocity of the hand and actuator occur in multiple cortical areas during the operation of a BMI. Initially, monkeys controlled the actuator by moving a hand-held pole. During this period, the BMI was trained to predict the actuator velocity. As the monkeys started using their cortical activity to control the actuator, the activity of individual neurons and neuronal populations became less representative of the animal's hand movements while representing the movements of the actuator. As a result of this adaptation, the animals could eventually stop moving their hands yet continue to control the actuator. These results show that, during BMI control, cortical ensembles represent behaviorally significant motor parameters, even if these are not associated with movements of the animal's own limb.",10.1523/JNEUROSCI.4088-04.2005,,15888644,https://doi.org/10.1523/JNEUROSCI.4088-04.2005,https://www.semanticscholar.org/paper/ca7218b7654329bc592f5052a58e82ea58da8a82,https://www.jneurosci.org/content/jneuro/25/19/4681.full.pdf,Biology; Computer Science; Medicine,True
2005,9,9,,171.601,citations=140; influential=11; recognized venue; BCI term matches=2; title BCI matches=2; open PDF metadata,c277b9f9f574826b46a63a6189efd6642f71c862,Ensemble of SVMs for Improving Brain Computer Interface P300 Speller Performances,"A. Rakotomamonjy, Vincent Guigue, G. Mallet, V. Alvarado",International Conference on Artificial Neural Networks,2005-09-11,140,11,"SSVEP, P300, and ERP Spellers",,10.1007/11550822_8,,,https://doi.org/10.1007/11550822_8,https://www.semanticscholar.org/paper/c277b9f9f574826b46a63a6189efd6642f71c862,,Computer Science,True
2005,10,10,,168.547,citations=170; influential=7; recognized venue; BCI term matches=2; title BCI matches=2; open PDF metadata,0dff101ff81cc1ae333d0e4a347e29a70805c509,Sensorimotor rhythm-based brain-computer interface (BCI): feature selection by regression improves performance,"Dennis J. McFarland, J. Wolpaw",IEEE transactions on neural systems and rehabilitation engineering,2005-09-12,170,7,Motor Imagery and Movement Decoding,,10.1109/TNSRE.2005.848627,,16200760,https://doi.org/10.1109/TNSRE.2005.848627,https://www.semanticscholar.org/paper/0dff101ff81cc1ae333d0e4a347e29a70805c509,,Computer Science; Medicine,True
2005,11,11,,161.795,citations=179; influential=8; BCI term matches=2; title BCI matches=2; open PDF metadata,59f3dfcac2263400313000531d299ba12726a5c5,Brain-computer interface (BCI) operation: signal and noise during early training sessions.,"D. McFarland, W. A. Sarnacki, T. Vaughan, J. Wolpaw",Clinical Neurophysiology,,179,8,General BCI Methods and Systems,,10.1016/J.CLINPH.2004.07.004,,15589184,https://doi.org/10.1016/J.CLINPH.2004.07.004,https://www.semanticscholar.org/paper/59f3dfcac2263400313000531d299ba12726a5c5,,Computer Science; Medicine,True
2005,12,12,,161.207,citations=154; influential=5; recognized venue; BCI term matches=2; title BCI matches=2; open PDF metadata,c023919a093d6856b30a4a742bee4e67f13f86e6,Classification of motor imagery tasks for brain-computer interface applications by means of two equivalent dipoles analysis,"B. Kamousi, Zhongming Liu, B. He",IEEE transactions on neural systems and rehabilitation engineering,2005-06-13,154,5,Motor Imagery and Movement Decoding,,10.1109/TNSRE.2005.847386,,16003895,https://doi.org/10.1109/TNSRE.2005.847386,https://www.semanticscholar.org/paper/c023919a093d6856b30a4a742bee4e67f13f86e6,https://citeseerx.ist.psu.edu/viewdoc/download?doi=10.1.1.329.9624&rep=rep1&type=pdf,Computer Science; Engineering; Medicine,True
2005,13,13,,156.437,citations=104; influential=8; recognized venue; BCI term matches=1; title BCI matches=1; open PDF metadata,02dab80188b7941b58674f4b056c9ad632bd2c05,Statistical encoding model for a primary motor cortical brain-machine interface,"S. Shoham, L. Paninski, M. Fellows, N. Hatsopoulos, J. Donoghue, R. Normann",IEEE Transactions on Biomedical Engineering,2005-06-13,104,8,Motor Imagery and Movement Decoding,,10.1109/TBME.2005.847542,,16041995,https://doi.org/10.1109/TBME.2005.847542,https://www.semanticscholar.org/paper/02dab80188b7941b58674f4b056c9ad632bd2c05,http://stat.columbia.edu/~liam/research/pubs/ieee-bme-05.pdf,Computer Science; Engineering; Medicine,True
2005,14,14,,153.964,citations=106; influential=10; BCI term matches=2; title BCI matches=2; open PDF metadata,dc5123559b2d1993eb92f0917a1c78ab25f703a7,A Boosting Approach to P300 Detection with Application to Brain-Computer Interfaces,"Ulrich Hoffmann, G. garcia, J. Vesin, K. Diserens, Touradj Ebrahimi","Conference Proceedings. 2nd International IEEE EMBS Conference on Neural Engineering, 2005.",2005-03-16,106,10,"SSVEP, P300, and ERP Spellers",,10.1109/CNE.2005.1419562,,,https://doi.org/10.1109/CNE.2005.1419562,https://www.semanticscholar.org/paper/dc5123559b2d1993eb92f0917a1c78ab25f703a7,https://infoscience.epfl.ch/record/87218/files/Hoffmann2005_1207.pdf,Computer Science; Medicine,True
2005,15,15,,148.611,citations=118; influential=4; recognized venue; BCI term matches=1; title BCI matches=1; open PDF metadata,797c7ac20b9d353ccf74afb77659a58085d61f95,A time-series prediction approach for feature extraction in a brain-computer interface,"D. Coyle, G. Prasad, T. Mcginnity",IEEE transactions on neural systems and rehabilitation engineering,2005-12-12,118,4,General BCI Methods and Systems,,10.1109/TNSRE.2005.857690,,16425827,https://doi.org/10.1109/TNSRE.2005.857690,https://www.semanticscholar.org/paper/797c7ac20b9d353ccf74afb77659a58085d61f95,,Computer Science; Medicine,True
2005,16,16,,142.259,citations=120; influential=5; BCI term matches=1; title BCI matches=1; open PDF metadata,7eeac6819a8145bfcf36a289a788b5c051666651,Brain Computer Interface Design Using Band Powers Extracted During Mental Tasks,Ramaswamy Palaniappan,"Conference Proceedings. 2nd International IEEE EMBS Conference on Neural Engineering, 2005.",2005-03-16,120,5,General BCI Methods and Systems,,10.1109/CNE.2005.1419622,,,https://doi.org/10.1109/CNE.2005.1419622,https://www.semanticscholar.org/paper/7eeac6819a8145bfcf36a289a788b5c051666651,,Computer Science; Engineering,True
2005,17,17,,140.093,citations=170; influential=1; recognized venue; BCI term matches=1; title BCI matches=1; open PDF metadata,da422cc32f6f70234a96ef1029566ceb5cdfc4b9,A wavelet-based time–frequency analysis approach for classification of motor imagery for brain–computer interface applications,"L. Qin, Bin He",Journal of Neural Engineering,2005-12-01,170,1,Motor Imagery and Movement Decoding,,10.1088/1741-2560/2/4/001,,16317229,https://doi.org/10.1088/1741-2560/2/4/001,https://www.semanticscholar.org/paper/da422cc32f6f70234a96ef1029566ceb5cdfc4b9,https://europepmc.org/articles/pmc1945182?pdf=render,Computer Science; Engineering; Medicine; Physics,True
2005,18,18,,136.204,citations=80; influential=6; BCI term matches=1; title BCI matches=1; open PDF metadata,e9166f683979a8a4baadeee94c14ae63d90ccf6d,Steady-state VEP-Based Brain-Computer Interface Control in an Immersive 3D Gaming Environment : EURASIP,E. C. Lalor,,,80,6,General BCI Methods and Systems,,,,,https://www.semanticscholar.org/paper/e9166f683979a8a4baadeee94c14ae63d90ccf6d,https://www.semanticscholar.org/paper/e9166f683979a8a4baadeee94c14ae63d90ccf6d,,Computer Science; Engineering,True
2005,19,19,,134.93,citations=80; influential=5; BCI term matches=2; title BCI matches=1; open PDF metadata,000e5f9f05e51e068014ad8e6940de0ae9df77fb,Feature Selection and Blind Source Separation in an EEG-Based Brain-Computer Interface,"D. A. Peterson, James N. Knight, M. Kirby, C. Anderson, M. Thaut",EURASIP Journal on Advances in Signal Processing,,80,5,EEG Signal Processing and Datasets,"Most EEG-based BCI systems make use of well-studied patterns of brain activity. However, those systems involve tasks that indirectly map to simple binary commands such as ""yes"" or ""no"" or require many weeks of biofeedback training. We hypothesized that signal processing and machine learning methods can be used to discriminate EEG in a direct ""yes""/""no"" BCI from a single session. Blind source separation (BSS) and spectral transformations of the EEG produced a 180-dimensional feature space. We used a modified genetic algorithm (GA) wrapped around a support vector machine (SVM) classifier to search the space of feature subsets. The GA-based search found feature subsets that outperform full feature sets and random feature subsets. Also, BSS transformations of the EEG outperformed the original time series, particularly in conjunction with a subset search of both spaces. The results suggest that BSS and feature selection can be used to improve the performance of even a ""direct,"" single-session BCI.",10.1155/ASP.2005.3128,,,https://doi.org/10.1155/ASP.2005.3128,https://www.semanticscholar.org/paper/000e5f9f05e51e068014ad8e6940de0ae9df77fb,https://asp-eurasipjournals.springeropen.com/counter/pdf/10.1155/ASP.2005.3128,Computer Science; Engineering; Medicine,True
2005,20,20,,134.46,citations=94; influential=2; recognized venue; BCI term matches=1; title BCI matches=1; open PDF metadata,444c750445048327f93e6187a42bb03229735299,Brain-computer interfaces--the key for the conscious brain locked into a paralyzed body.,"A. Kübler, N. Neumann",Progress in Brain Research,,94,2,General BCI Methods and Systems,,10.1016/S0079-6123(05)50035-9,,16186045,https://doi.org/10.1016/S0079-6123(05)50035-9,https://www.semanticscholar.org/paper/444c750445048327f93e6187a42bb03229735299,,Computer Science; Engineering; Medicine,True
2005,21,21,,131.736,citations=74; influential=5; BCI term matches=1; title BCI matches=1; open PDF metadata,385d1833400eee8339f35d4b8832b3e04211ab6f,A brain computer interface with online feedback based on magnetoencephalography,"T. N. Lal, M. Tangermann, N. Hill, H. Preissl, T. Hinterberger, J. Mellinger, et al.",International Conference on Machine Learning,2005-08-07,74,5,General BCI Methods and Systems,,10.1145/1102351.1102410,,,https://doi.org/10.1145/1102351.1102410,https://www.semanticscholar.org/paper/385d1833400eee8339f35d4b8832b3e04211ab6f,https://pure.mpg.de/pubman/item/item_1791649_3/component/file_3175253/pdf3482.pdf,Computer Science; Engineering; Medicine,True
2005,22,22,,130.546,citations=98; influential=3; BCI term matches=1; title BCI matches=1; open PDF metadata,9bf4bd1a25c6f7190ef7637f2bdcd58a4e693168,Brain-computer interface based on the high-frequency steady-state visual evoked potential,"Wang Yijun, Ruiping Wang, Xiaorong Gao, Shangkai Gao","Proceedings. 2005 First International Conference on Neural Interface and Control, 2005.",2005-05-26,98,3,"SSVEP, P300, and ERP Spellers",,10.1109/ICNIC.2005.1499837,,,https://doi.org/10.1109/ICNIC.2005.1499837,https://www.semanticscholar.org/paper/9bf4bd1a25c6f7190ef7637f2bdcd58a4e693168,http://sccn.ucsd.edu/%7Eyijun/pdfs/CNIC05.pdf,Computer Science,True
2005,23,23,,127.86,citations=72; influential=4; BCI term matches=1; title BCI matches=1; open PDF metadata,d58e91cd0209c6cdee8021fccfb7f5291a933399,SVM-based recursive feature elimination to compare phase synchronization computed from broadband and narrowband EEG signals in Brain-Computer Interfaces,"E. Gysels, P. Renevey, P. Celka",Signal Processing,2005-11-01,72,4,EEG Signal Processing and Datasets,,10.1016/j.sigpro.2005.07.008,,,https://doi.org/10.1016/j.sigpro.2005.07.008,https://www.semanticscholar.org/paper/d58e91cd0209c6cdee8021fccfb7f5291a933399,,Computer Science; Engineering; Medicine,True
2005,24,24,,123.54,citations=71; influential=3; BCI term matches=1; title BCI matches=1; open PDF metadata,75fd9e883fa38120fecc81fd932eb8a26c25987c,Analysis of bit-rate definitions for Brain-Computer Interfaces,"Julien Kronegg, S. Voloshynovskiy, T. Pun",CSREA HCI,,71,3,General BCI Methods and Systems,,,,,https://www.semanticscholar.org/paper/75fd9e883fa38120fecc81fd932eb8a26c25987c,https://www.semanticscholar.org/paper/75fd9e883fa38120fecc81fd932eb8a26c25987c,,Computer Science,True
2005,25,25,,123.025,citations=88; influential=2; BCI term matches=1; title BCI matches=1; open PDF metadata,00cc7a105f84d69933a0a8b966639c65691710d0,An Auditory Brain-Computer Interface Based on the Self-Regulation of Slow Cortical Potentials,"M. Pham, T. Hinterberger, N. Neumann, A. Kübler, Nadine Hofmayer, Anke Grether, et al.",Neurorehabilitation and Neural Repair,2005-09-01,88,2,General BCI Methods and Systems,,10.1177/1545968305277628,,16093411,https://doi.org/10.1177/1545968305277628,https://www.semanticscholar.org/paper/00cc7a105f84d69933a0a8b966639c65691710d0,https://journals.sagepub.com/doi/pdf/10.1177/1545968305277628,Medicine; Psychology,True
2005,26,26,,122.779,citations=43; influential=6; BCI term matches=1; title BCI matches=1; open PDF metadata,33f948117020a3a45f9abd904107629128d37a55,Independent Brain Computer Interface Control using Visual Spatial Attention-Dependent Modulations of Parieto-occipital Alpha,"S. Kelly, E. Lalor, R. Reilly, John J. Foxe","Conference Proceedings. 2nd International IEEE EMBS Conference on Neural Engineering, 2005.",2005-03-16,43,6,General BCI Methods and Systems,,10.1109/CNE.2005.1419713,,,https://doi.org/10.1109/CNE.2005.1419713,https://www.semanticscholar.org/paper/33f948117020a3a45f9abd904107629128d37a55,,Computer Science; Psychology,True
2005,27,27,,122.776,citations=87; influential=2; BCI term matches=1; title BCI matches=1; open PDF metadata,ed9e56871bf88edc10398c20a34eaccdfe81394c,Recognition of Motor Imagery Electroencephalography Using Independent Component Analysis and Machine Classifiers,"C. Hung, Po-Lei Lee, Yu-Te Wu, Hui-Yun Chen, Li-Fen Chen, T. Yeh, et al.",Annals of Biomedical Engineering,2005-08-01,87,2,Motor Imagery and Movement Decoding,,10.1007/s10439-005-5772-1,,16133914,https://doi.org/10.1007/s10439-005-5772-1,https://www.semanticscholar.org/paper/ed9e56871bf88edc10398c20a34eaccdfe81394c,http://dspace5.zcu.cz/bitstream/11025/6234/1/K97.pdf,Computer Science; Medicine,True
2005,28,28,,120.716,citations=44; influential=4; BCI term matches=2; title BCI matches=2; open PDF metadata,877a860c11e47eb00844465bebee89c295004029,A Wearable Home BCI system: preliminary results with SSVEP protocol,"L. Piccini, S. Parini, L. Maggi, G. Andreoni",2005 IEEE Engineering in Medicine and Biology 27th Annual Conference,,44,4,"SSVEP, P300, and ERP Spellers",,10.1109/IEMBS.2005.1615699,,17281469,https://doi.org/10.1109/IEMBS.2005.1615699,https://www.semanticscholar.org/paper/877a860c11e47eb00844465bebee89c295004029,,Computer Science; Engineering; Medicine,True
2005,29,29,,120.68,citations=79; influential=2; BCI term matches=1; title BCI matches=1; open PDF metadata,3a9e9d9db29a726c3d0c029913406e6e42bc9e54,14 Human Brain-Computer Interface,"G. Pfurtscheller, C. Neuper, N. Birbaumer",,,79,2,General BCI Methods and Systems,,,,,https://www.semanticscholar.org/paper/3a9e9d9db29a726c3d0c029913406e6e42bc9e54,https://www.semanticscholar.org/paper/3a9e9d9db29a726c3d0c029913406e6e42bc9e54,,Computer Science; Engineering; Medicine,True
2005,30,30,,119.572,citations=105; influential=1; BCI term matches=1; title BCI matches=1; open PDF metadata,a4a9db45487500561ea1a9c59b86b21178135a3b,Salient EEG Channel Selection in Brain Computer Interfaces by Mutual Information Maximization,"Tian Lan, Deniz Erdoğmuş, A. Adami, M. Pavel, S. Mathan",2005 IEEE Engineering in Medicine and Biology 27th Annual Conference,,105,1,EEG Signal Processing and Datasets,,10.1109/IEMBS.2005.1616133,,17281902,https://doi.org/10.1109/IEMBS.2005.1616133,https://www.semanticscholar.org/paper/a4a9db45487500561ea1a9c59b86b21178135a3b,,Computer Science; Medicine,True
2005,31,31,,119.534,citations=49; influential=4; BCI term matches=1; title BCI matches=1; open PDF metadata,0ea513cee7a3e1f907178351712de3a2444d9537,Multilayer perceptrons for the classification of brain computer interface data,"D. Balakrishnan, S. Puthusserypady","Proceedings of the IEEE 31st Annual Northeast Bioengineering Conference, 2005.",2005-04-02,49,4,EEG Signal Processing and Datasets,,10.1109/NEBC.2005.1431953,,,https://doi.org/10.1109/NEBC.2005.1431953,https://www.semanticscholar.org/paper/0ea513cee7a3e1f907178351712de3a2444d9537,,Computer Science,True
2005,32,32,,118.505,citations=45; influential=2; recognized venue; BCI term matches=1; title BCI matches=1; open PDF metadata,d3b613d587ee6c7d2fe8c7ccd4660fc5aa4ef5c2,Interpreting spatial and temporal neural activity through a recurrent neural network brain-machine interface,"J. Sánchez, Deniz Erdoğmuş, M. Nicolelis, J. Wessberg, J. Príncipe",IEEE transactions on neural systems and rehabilitation engineering,2005-06-13,45,2,"SSVEP, P300, and ERP Spellers",,10.1109/TNSRE.2005.847382,,16003902,https://doi.org/10.1109/TNSRE.2005.847382,https://www.semanticscholar.org/paper/d3b613d587ee6c7d2fe8c7ccd4660fc5aa4ef5c2,,Computer Science; Engineering; Medicine,True
2005,33,33,,116.205,citations=43; influential=3; BCI term matches=2; title BCI matches=2; open PDF metadata,c33544c3cd653e683b854f3fa6b8f6ed4fbfba69,P300 Brain-Computer Interface Design for Communication and Control Applications,"Chaunchu Wang, Cuntai Guan, Haihong Zhang",2005 IEEE Engineering in Medicine and Biology 27th Annual Conference,,43,3,"SSVEP, P300, and ERP Spellers",,10.1109/IEMBS.2005.1615703,,17281473,https://doi.org/10.1109/IEMBS.2005.1615703,https://www.semanticscholar.org/paper/c33544c3cd653e683b854f3fa6b8f6ed4fbfba69,,Computer Science; Engineering; Medicine,True
2005,34,34,,114.157,citations=46; influential=3; BCI term matches=1; title BCI matches=1; open PDF metadata,16e01260316a33d57cd35a190ffe8abf0095d290,Single-trial EEG classification for brain-computer interface using wavelet decomposition,"Y. Yong, N. Hurley, G. Silvestre",European Signal Processing Conference,2005-09-08,46,3,EEG Signal Processing and Datasets,,10.5281/ZENODO.38816,,,https://doi.org/10.5281/ZENODO.38816,https://www.semanticscholar.org/paper/16e01260316a33d57cd35a190ffe8abf0095d290,,Computer Science; Engineering; Medicine,True
2005,35,35,,112.143,citations=47; influential=1; recognized venue; BCI term matches=1; title BCI matches=1; open PDF metadata,081c6cf865a372e4e49131c515b7f67ecb64e881,UNCONSCIOUS OPERANT CONDITIONING IN THE PARADIGM OF BRAIN-COMPUTER INTERFACE BASED ON COLOR PERCEPTION,"A. Kaplan, J. Byeon, Jong-Jin Lim, Kyung-Soo Jin, B. Park, S. U. Tarasova",International Journal of Neuroscience,2005-01-01,47,1,General BCI Methods and Systems,,10.1080/00207450590881975,,16019574,https://doi.org/10.1080/00207450590881975,https://www.semanticscholar.org/paper/081c6cf865a372e4e49131c515b7f67ecb64e881,,Computer Science; Medicine; Psychology,True
2005,36,36,,108.132,citations=39; influential=1; recognized venue; BCI term matches=1; title BCI matches=1; open PDF metadata,05a41e8748f92eee11f69a79e4e9dcf51b381af0,Classification of the intention to generate a shoulder versus elbow torque by means of a time–frequency synthesized spatial patterns BCI algorithm,"Jie Deng, Jun Yao, J. Dewald",Journal of Neural Engineering,2005-12-01,39,1,EEG Signal Processing and Datasets,,10.1088/1741-2560/2/4/009,,16317237,https://doi.org/10.1088/1741-2560/2/4/009,https://www.semanticscholar.org/paper/05a41e8748f92eee11f69a79e4e9dcf51b381af0,,Computer Science; Engineering; Medicine; Physics,True
2005,37,37,,105.974,citations=40; influential=2; BCI term matches=1; title BCI matches=1; open PDF metadata,d1947c9d9599c26d10b6fcdda4a9130dd4f9d3d7,Identifying Individuality Using Mental Task Based Brain Computer Interface,Ramaswamy Palaniappan,International Symposium on Information Processing,2005-12-14,40,2,General BCI Methods and Systems,,10.1109/ICISIP.2005.1619442,,,https://doi.org/10.1109/ICISIP.2005.1619442,https://www.semanticscholar.org/paper/d1947c9d9599c26d10b6fcdda4a9130dd4f9d3d7,,Computer Science; Engineering,True
2005,38,38,,105.43,citations=39; influential=2; BCI term matches=1; title BCI matches=1; open PDF metadata,73897cf63be4dad7f6c027130534bdb28ddc2161,A Comparative Analysis of Multi-Class EEG Classification for Brain Computer Interface,"F. Lee, Reinhold Scherer, R. Leeb, C. Neuper, H. Bischof, G. Pfurtscheller",,,39,2,EEG Signal Processing and Datasets,,,,,https://www.semanticscholar.org/paper/73897cf63be4dad7f6c027130534bdb28ddc2161,https://www.semanticscholar.org/paper/73897cf63be4dad7f6c027130534bdb28ddc2161,,Computer Science; Medicine,True
2005,39,39,,104.755,citations=20; influential=2; recognized venue; BCI term matches=2; title BCI matches=2; open PDF metadata,42f5ababc2525ff7b09b8796f5a13a03c8e38c36,T-weighted Approach for Neural Information Processing in P300 based Brain-Computer Interface,"Yang Liu, Zongtan Zhou, D. Hu, Guohua Dong",International Conference on Neural Networks and Brain,2005-10-13,20,2,"SSVEP, P300, and ERP Spellers",,10.1109/ICNNB.2005.1614924,,,https://doi.org/10.1109/ICNNB.2005.1614924,https://www.semanticscholar.org/paper/42f5ababc2525ff7b09b8796f5a13a03c8e38c36,,Computer Science,True
2005,40,40,,103.047,citations=14; influential=4; recognized venue; BCI term matches=1; title BCI matches=1; open PDF metadata,991cab057ec186cfb28c1a78a9b65d0c87181314,Comparison of TDNN training algorithms in brain machine interfaces,"Yiwen Wang, Sung-Phil Kim, J. Príncipe","Proceedings. 2005 IEEE International Joint Conference on Neural Networks, 2005.",2005-12-27,14,4,General BCI Methods and Systems,,10.1109/IJCNN.2005.1556288,,,https://doi.org/10.1109/IJCNN.2005.1556288,https://www.semanticscholar.org/paper/991cab057ec186cfb28c1a78a9b65d0c87181314,http://www.cnel.ufl.edu/files/1177192664.pdf,Computer Science; Engineering; Mathematics,True
2005,41,41,,100.521,citations=31; influential=2; BCI term matches=1; title BCI matches=1; open PDF metadata,ad150ffe4590ebd533c2fd4d3950ffa9f02694a4,Visual evoked potential actuated brain computer interface: a brain-actuated cursor system,"Po-Lei Lee, Chi-Hsun Wu, J. Hsieh, Yih-Jer Wu",,2005-07-21,31,2,"SSVEP, P300, and ERP Spellers",,10.1049/EL:20050892,,,https://doi.org/10.1049/EL:20050892,https://www.semanticscholar.org/paper/ad150ffe4590ebd533c2fd4d3950ffa9f02694a4,,Computer Science; Engineering,True
2005,42,42,,99.205,citations=41; influential=1; BCI term matches=1; title BCI matches=1; open PDF metadata,13157935c9a53f944d3ac4d02466e334315daca5,Investigation of the Type-2 Fuzzy Logic Approach to Classification in an EEG-based Brain-Computer Interface,"P. Herman, G. Prasad, T. Mcginnity",2005 IEEE Engineering in Medicine and Biology 27th Annual Conference,,41,1,EEG Signal Processing and Datasets,,10.1109/IEMBS.2005.1615691,,17281461,https://doi.org/10.1109/IEMBS.2005.1615691,https://www.semanticscholar.org/paper/13157935c9a53f944d3ac4d02466e334315daca5,,Computer Science; Engineering; Medicine,True
2005,43,43,,99.101,citations=29; influential=2; BCI term matches=1; title BCI matches=1; open PDF metadata,56fa2172fc5255c8d889bf53c5dceddbcd0c6bda,Near infrared spectroscopy based brain-computer interface,"S. Ranganatha, Y. Hoshi, Cuntai Guan",International Conference on Experimental Mechanics,2005-04-12,29,2,General BCI Methods and Systems,,10.1117/12.621536,,,https://doi.org/10.1117/12.621536,https://www.semanticscholar.org/paper/56fa2172fc5255c8d889bf53c5dceddbcd0c6bda,,Computer Science; Engineering; Medicine,True
2005,44,44,,97.792,citations=24; influential=1; recognized venue; BCI term matches=1; title BCI matches=1; open PDF metadata,b9a4616f0750a15c300c8343d28b4ffdbd3767be,ICA and Committee Machine-Based Algorithm for Cursor Control in a BCI System,"Jianzhao Qin, Yuanqing Li, A. Cichocki",International Symposium on Neural Networks,2005-05-30,24,1,General BCI Methods and Systems,,10.1007/11427391_156,,,https://doi.org/10.1007/11427391_156,https://www.semanticscholar.org/paper/b9a4616f0750a15c300c8343d28b4ffdbd3767be,,Computer Science,True
2005,45,45,,97.004,citations=37; influential=1; BCI term matches=1; title BCI matches=1; open PDF metadata,94dfbc7c7f324f2546fdcc38baf41ed92a0690f0,A hybrid genetic algorithm approach for improving the performance of the LF-ASD brain computer interface,"Mehrdad Fatourechi, Ali Bashashati, R. Ward, G. Birch","Proceedings. (ICASSP '05). IEEE International Conference on Acoustics, Speech, and Signal Processing, 2005.",2005-03-18,37,1,"Hybrid, Affective, and Closed-loop BCIs",,10.1109/ICASSP.2005.1416311,,,https://doi.org/10.1109/ICASSP.2005.1416311,https://www.semanticscholar.org/paper/94dfbc7c7f324f2546fdcc38baf41ed92a0690f0,,Computer Science,True
2005,46,46,,95.09,citations=24; influential=2; BCI term matches=1; title BCI matches=1; open PDF metadata,6bb4d8d5c4e740b700e759abdd72a697baf6c6cd,The Berlin Brain-Computer Interface: Report from the Feedback Sessions,"B. Blankertz, G. Dornhege, M. Krauledat, K. Müller, G. Curio",,,24,2,General BCI Methods and Systems,,,,,https://www.semanticscholar.org/paper/6bb4d8d5c4e740b700e759abdd72a697baf6c6cd,https://www.semanticscholar.org/paper/6bb4d8d5c4e740b700e759abdd72a697baf6c6cd,,Computer Science; Engineering,True
2005,47,47,,94.557,citations=33; influential=1; BCI term matches=1; title BCI matches=1; open PDF metadata,c089faa2b74a12932c472f7a836685d040dc86c1,Adaptive On-line Classification for EEG-based Brain Computer Interfaces with AAR parameters and band power estimates / Adaptive On-line Classification einer EEG-basierenden Gehirn-Computer Schnittstelle mit Adaptive Autoregressiven und Bandleistungsparametern,"C. Vidaurre, A. Schlögl, R. Cabeza, Reinhold Scherer, G. Pfurtscheller",Biomedizinische Technik. Biomedical engineering,2005-11-01,33,1,EEG Signal Processing and Datasets,,10.1515/BMT.2005.049,,16370147,https://doi.org/10.1515/BMT.2005.049,https://www.semanticscholar.org/paper/c089faa2b74a12932c472f7a836685d040dc86c1,,Computer Science; Medicine,True
2005,48,48,,92.985,citations=26; influential=1; BCI term matches=2; title BCI matches=2; open PDF metadata,7affa5c79ed758754ffcad20e0c49c908255fb25,Phase Synchrony Rate for the Recognition of Motor Imagery in Brain-Computer Interface,"Le Song, E. Gordon, E. Gysels",Neural Information Processing Systems,2005-12-05,26,1,Motor Imagery and Movement Decoding,,,,,https://www.semanticscholar.org/paper/7affa5c79ed758754ffcad20e0c49c908255fb25,https://www.semanticscholar.org/paper/7affa5c79ed758754ffcad20e0c49c908255fb25,,Computer Science,True
2005,49,49,,91.846,citations=52; influential=0; BCI term matches=1; title BCI matches=1; open PDF metadata,3113a66de4ae0d9236595d821b3a5d1118200ed2,Real-time ocular artifact suppression using recurrent neural network for electro-encephalogram based brain-computer interface,"A. Erfanian, B. Mahmoudi",Medical and Biological Engineering and Computing,2005-03-01,52,0,EEG Signal Processing and Datasets,,10.1007/BF02345969,,15865142,https://doi.org/10.1007/BF02345969,https://www.semanticscholar.org/paper/3113a66de4ae0d9236595d821b3a5d1118200ed2,,Computer Science; Engineering; Medicine,True
2005,50,50,,87.334,citations=13; influential=2; clinical/rehab relevance; BCI term matches=1; title BCI matches=1; open PDF metadata,234f17f29aee0fa0507aad07a93b752174724f0a,EEG-based Discrimination of Elbow/Shoulder Torques using Brain Computer Interface Algorithms: Implications for Rehabilitation,"Jie Zhou, Jun Yao, Jie Deng, J. Dewald",2005 IEEE Engineering in Medicine and Biology 27th Annual Conference,,13,2,Rehabilitation and Neuroprosthetics,,10.1109/IEMBS.2005.1615373,,17281143,https://doi.org/10.1109/IEMBS.2005.1615373,https://www.semanticscholar.org/paper/234f17f29aee0fa0507aad07a93b752174724f0a,,Computer Science; Engineering; Medicine,True
2005,51,51,,85.272,citations=15; influential=2; BCI term matches=1; title BCI matches=1; open PDF metadata,a88d7165802553ceb96e469bdf7d8952dbe562b1,Study of Feature Classification Methods in BCI Based on Neural Networks,"Boqiang Liu, Mingshi Wang, Lanlan Yu, Zhongguo Liu, Hongqiang Yu",2005 IEEE Engineering in Medicine and Biology 27th Annual Conference,,15,2,EEG Signal Processing and Datasets,,10.1109/IEMBS.2005.1617088,,17282857,https://doi.org/10.1109/IEMBS.2005.1617088,https://www.semanticscholar.org/paper/a88d7165802553ceb96e469bdf7d8952dbe562b1,,Computer Science; Medicine,True
2005,52,52,,84.923,citations=32; influential=0; BCI term matches=2; title BCI matches=2; open PDF metadata,ac842b21da325711890dfbc8069b717722b45d06,Exploring Virtual Environments with an EEG-based BCI through Motor Imagery / Erkundung von virtuellen Welten durch Bewegungsvorstellungen mit Hilfe eines EEG-basierten BCI,"R. Leeb, Reinhold Scherer, C. Keinrath, C. Guger, G. Pfurtscheller",Biomedizinische Technik. Biomedical engineering,,32,0,Motor Imagery and Movement Decoding,,10.1515/BMT.2005.012,,15884704,https://doi.org/10.1515/BMT.2005.012,https://www.semanticscholar.org/paper/ac842b21da325711890dfbc8069b717722b45d06,,Computer Science; Engineering; Medicine,True
2005,53,53,,84.527,citations=37; influential=0; BCI term matches=1; title BCI matches=1; open PDF metadata,895ca65d5aba59ff0ff2d99b78ff3ed4cdef5c2e,Learning mappings in brain machine interfaces with echo state networks,"Y. Rao, Sung-Phil Kim, Justin C. Sanchez, Deniz Erdoğmuş, J. Príncipe, J. Carmena, et al.","Proceedings. (ICASSP '05). IEEE International Conference on Acoustics, Speech, and Signal Processing, 2005.",2005-03-18,37,0,General BCI Methods and Systems,,10.1109/ICASSP.2005.1416283,,,https://doi.org/10.1109/ICASSP.2005.1416283,https://www.semanticscholar.org/paper/895ca65d5aba59ff0ff2d99b78ff3ed4cdef5c2e,http://www.cnel.ufl.edu/files/1162501852.pdf,Computer Science; Engineering,True
2005,54,54,,83.406,citations=12; influential=1; recognized venue; BCI term matches=1; title BCI matches=1; open PDF metadata,186c125a5f4420a45c98f5417104588215ef0fca,Using Self-organizing Map for Mental Tasks Classification in Brain-Computer Interface,"Hailong Liu, Jue Wang, Chongxun Zheng",International Symposium on Neural Networks,2005-05-30,12,1,EEG Signal Processing and Datasets,,10.1007/11427445_53,,,https://doi.org/10.1007/11427445_53,https://www.semanticscholar.org/paper/186c125a5f4420a45c98f5417104588215ef0fca,,Computer Science,True
2005,55,55,,80.704,citations=12; influential=2; BCI term matches=1; title BCI matches=1; open PDF metadata,9fc0306d28bba5b801fe3cb4c6c4ce4438feeac1,Design and implementation of High Performance Visual Stimulator for Brain Computer Interfaces,"V. Jaganathan, T.M. Srihari Mukesh, M. Ramasubba Reddy",2005 IEEE Engineering in Medicine and Biology 27th Annual Conference,,12,2,General BCI Methods and Systems,,10.1109/IEMBS.2005.1615698,,17281468,https://doi.org/10.1109/IEMBS.2005.1615698,https://www.semanticscholar.org/paper/9fc0306d28bba5b801fe3cb4c6c4ce4438feeac1,,Computer Science; Engineering; Medicine,True
2005,56,56,,79.307,citations=16; influential=1; BCI term matches=1; title BCI matches=1; open PDF metadata,9b7c445b87978987557077cc11154c11e4789531,A New Design of the Asynchronous Brain Computer Interface Using the Knowledge of the Path of Features,"Ali Bashashati, R. Ward, G. Birch","Conference Proceedings. 2nd International IEEE EMBS Conference on Neural Engineering, 2005.",2005-03-16,16,1,General BCI Methods and Systems,,10.1109/CNE.2005.1419563,,,https://doi.org/10.1109/CNE.2005.1419563,https://www.semanticscholar.org/paper/9b7c445b87978987557077cc11154c11e4789531,,Computer Science; Engineering,True
2005,57,57,,76.981,citations=22; influential=0; BCI term matches=2; title BCI matches=2; open PDF metadata,d1310774f3320963db59eb963a7235269a91d38f,Optimization of BCI Speller Based on P300 Potential,"M. Thulasidas, Cuntai Guan",2005 IEEE Engineering in Medicine and Biology 27th Annual Conference,,22,0,"SSVEP, P300, and ERP Spellers",,10.1109/IEMBS.2005.1615702,,17281472,https://doi.org/10.1109/IEMBS.2005.1615702,https://www.semanticscholar.org/paper/d1310774f3320963db59eb963a7235269a91d38f,,Computer Science; Medicine,True
2005,58,58,,76.554,citations=14; influential=1; BCI term matches=1; title BCI matches=1; open PDF metadata,553ac2cc8d0cb36a58726946cd35fd3236f9bfea,Architectures of laboratory-PC and mobile pocket PC brain-computer interfaces,"G. Edlinger, G. Krausz, F. Laundl, I. Niedermayer, C. Guger","Conference Proceedings. 2nd International IEEE EMBS Conference on Neural Engineering, 2005.",2005-03-16,14,1,General BCI Methods and Systems,,10.1109/CNE.2005.1419568,,,https://doi.org/10.1109/CNE.2005.1419568,https://www.semanticscholar.org/paper/553ac2cc8d0cb36a58726946cd35fd3236f9bfea,,Computer Science; Engineering,True
2005,59,59,,70.406,citations=19; influential=0; BCI term matches=1; title BCI matches=1; open PDF metadata,8c5a2f7e424a354e3ad332e20a134ae11da63d68,Learning On-Line Classification via Decorrelated LMS Algorithm: Application to Brain-Computer Interfaces,"Shiliang Sun, Changshui Zhang",IFIP Working Conference on Database Semantics,2005-10-08,19,0,EEG Signal Processing and Datasets,,10.1007/11563983_19,,,https://doi.org/10.1007/11563983_19,https://www.semanticscholar.org/paper/8c5a2f7e424a354e3ad332e20a134ae11da63d68,,Computer Science,True
2005,60,60,,70.023,citations=7; influential=2; BCI term matches=1; title BCI matches=1; open PDF metadata,9787a9afcae1616dc756b71e668e5a4836330278,Kalman filter parameters as a new EEG feature vector for BCI applications,"Amir H. Omidvarnia, Farid Atry, S. Setarehdan, Babak Nadjar Araabi",European Signal Processing Conference,2005-09-01,7,2,EEG Signal Processing and Datasets,,,,,https://www.semanticscholar.org/paper/9787a9afcae1616dc756b71e668e5a4836330278,https://www.semanticscholar.org/paper/9787a9afcae1616dc756b71e668e5a4836330278,,Computer Science; Medicine,True
2005,61,61,,69.73,citations=10; influential=1; BCI term matches=1; title BCI matches=1; open PDF metadata,c48e967c79f10770b239f43d93355780d12138fe,Information-transfer rate modeling of EEG-based synchronized brain-computer interfaces,"Julien Kronegg, Svyatoslav Voloshynovskyy, T. Pun",,,10,1,EEG Signal Processing and Datasets,,,,,https://www.semanticscholar.org/paper/c48e967c79f10770b239f43d93355780d12138fe,https://www.semanticscholar.org/paper/c48e967c79f10770b239f43d93355780d12138fe,,Computer Science; Engineering,True
2005,62,62,,69.73,citations=10; influential=1; BCI term matches=1; title BCI matches=1; open PDF metadata,af482e6894b2e398d9b3585f9d054fbcabf17212,An Auditory Brain-Computer Interface Based on the Self-Regulation of Slow Cortical Potentials,"M. Pham, Thilo Hinterberger, N. Neumann, A. Kübler, Nadine Hofmayer, Anke Grether, et al.",,,10,1,General BCI Methods and Systems,,,,,https://www.semanticscholar.org/paper/af482e6894b2e398d9b3585f9d054fbcabf17212,https://www.semanticscholar.org/paper/af482e6894b2e398d9b3585f9d054fbcabf17212,,Computer Science; Engineering,True
2005,63,63,,67.577,citations=14; influential=0; BCI term matches=2; title BCI matches=2; open PDF metadata,23cde338bb6535d861bfdd434bedf5b1b64256c7,Subject Age in P300 BCI,"N. Dias, R.M. Mendes, J. Correia","Conference Proceedings. 2nd International IEEE EMBS Conference on Neural Engineering, 2005.",2005-03-16,14,0,"SSVEP, P300, and ERP Spellers",,10.1109/CNE.2005.1419690,,,https://doi.org/10.1109/CNE.2005.1419690,https://www.semanticscholar.org/paper/23cde338bb6535d861bfdd434bedf5b1b64256c7,https://repositorium.sdum.uminho.pt/bitstream/1822/1611/1/EMBS_Nuno.pdf,Psychology,True
2005,64,64,,66.831,citations=16; influential=0; BCI term matches=1; title BCI matches=1; open PDF metadata,1577913d81655f6c4538bfe19cdf0b10dae80844,A Statistical Model of Brain Signals with Application to Brain-Computer Interface,"Haihong Zhang, Cuntai Guan, C. Wang",2005 IEEE Engineering in Medicine and Biology 27th Annual Conference,,16,0,General BCI Methods and Systems,,10.1109/IEMBS.2005.1615700,,17281470,https://doi.org/10.1109/IEMBS.2005.1615700,https://www.semanticscholar.org/paper/1577913d81655f6c4538bfe19cdf0b10dae80844,,Computer Science; Medicine,True
2005,65,65,,66.224,citations=7; influential=1; BCI term matches=2; title BCI matches=2; open PDF metadata,f94a8028c53b75f007d3ddad223561a74f9ffcba,Phase Synchrony Rate for the Recognition of Motor Imagery in BCI,Le Song,,,7,1,Motor Imagery and Movement Decoding,,,,,https://www.semanticscholar.org/paper/f94a8028c53b75f007d3ddad223561a74f9ffcba,https://www.semanticscholar.org/paper/f94a8028c53b75f007d3ddad223561a74f9ffcba,,Computer Science,True
2005,66,66,,66.059,citations=13; influential=0; BCI term matches=2; title BCI matches=2; open PDF metadata,89130b88dea7029655cea7cf1b0b1ee2e9805820,Stimulation frequency extraction in SSVEP-based brain-computer interface,"Cheng Ming, Xiaorong Gao, Shangkai Gao, Boliang Wang","Proceedings. 2005 First International Conference on Neural Interface and Control, 2005.",2005-05-26,13,0,"SSVEP, P300, and ERP Spellers",,10.1109/ICNIC.2005.1499843,,,https://doi.org/10.1109/ICNIC.2005.1499843,https://www.semanticscholar.org/paper/89130b88dea7029655cea7cf1b0b1ee2e9805820,,Computer Science; Engineering,True
2005,67,67,,65.316,citations=8; influential=1; BCI term matches=1; title BCI matches=1; open PDF metadata,c7b7bb8ddba511d986c06d7cfd5910fe13fdd984,"Imaging God: Cyborgs, Brain-Machine Interfaces, and a More Human Future",Gregory Peterson,,2005-12-01,8,1,General BCI Methods and Systems,,10.1111/J.0012-2033.2005.00277.X,,,https://doi.org/10.1111/J.0012-2033.2005.00277.X,https://www.semanticscholar.org/paper/c7b7bb8ddba511d986c06d7cfd5910fe13fdd984,,Philosophy; Psychology,True
2005,68,68,,64.077,citations=14; influential=0; BCI term matches=1; title BCI matches=1; open PDF metadata,b08bcd427d2e1b934f4312c9d45940891d0b4a91,Comparison between Effective Features Used for the Bayesian and the SVM Classifiers in BCI,"E. Arbabi, M. Shamsollahi, R. Sameni",2005 IEEE Engineering in Medicine and Biology 27th Annual Conference,,14,0,General BCI Methods and Systems,,10.1109/IEMBS.2005.1615694,,17281464,https://doi.org/10.1109/IEMBS.2005.1615694,https://www.semanticscholar.org/paper/b08bcd427d2e1b934f4312c9d45940891d0b4a91,,Computer Science; Medicine,True
2005,69,69,,62.724,citations=7; influential=1; BCI term matches=1; title BCI matches=1; open PDF metadata,d6a004aa0199e8647680fb5fdba33aa2d90b873d,N2 components as features for brain computer interface,"Jin-an Guan, Yaguang Chen, Jiarui Lin, YunYuan, Ming-Xiong Huang","Proceedings. 2005 First International Conference on Neural Interface and Control, 2005.",2005-05-26,7,1,General BCI Methods and Systems,,10.1109/ICNIC.2005.1499839,,,https://doi.org/10.1109/ICNIC.2005.1499839,https://www.semanticscholar.org/paper/d6a004aa0199e8647680fb5fdba33aa2d90b873d,,Computer Science,True
2005,70,70,,62.559,citations=13; influential=0; BCI term matches=1; title BCI matches=1; open PDF metadata,fa43e93dd4c18875322d62b3d9c65caed78a3356,Cortically controlled brain-machine interface,"N. Hatsopoulos, J. Mukand, G. Polykoff, G. Friehs, J. Donoghue",2005 IEEE Engineering in Medicine and Biology 27th Annual Conference,,13,0,General BCI Methods and Systems,,10.1109/IEMBS.2005.1616286,,17282055,https://doi.org/10.1109/IEMBS.2005.1616286,https://www.semanticscholar.org/paper/fa43e93dd4c18875322d62b3d9c65caed78a3356,,Engineering; Medicine; Psychology,True
2005,71,71,,60.754,citations=10; influential=0; BCI term matches=2; title BCI matches=2; open PDF metadata,53eeb377a18d90f5e5511e22c63cbc710fbeba80,Classification of Motor Imagery Tasks by means of Time-Frequency-Spatial Analysis for Brain-Computer Interface Applications,"L. Qin, B. Kamousi, Z.M. Liu, L. Ding, B. He","Conference Proceedings. 2nd International IEEE EMBS Conference on Neural Engineering, 2005.",2005-03-16,10,0,Motor Imagery and Movement Decoding,,10.1109/CNE.2005.1419636,,,https://doi.org/10.1109/CNE.2005.1419636,https://www.semanticscholar.org/paper/53eeb377a18d90f5e5511e22c63cbc710fbeba80,,Computer Science; Engineering,True
2005,72,72,,59.168,citations=11; influential=0; BCI term matches=1; title BCI matches=1; open PDF metadata,45f1790de4f4ef5702df8206d7601cdadb14a76a,"Spikes, Local Field Potentials, and Electrocorticogram Characterization during Motor Learning in Rats for Brain Machine Interface Tasks","T. Marzullo, J. Dudley, C. Miller, L. Trejo, D. Kipke",2005 IEEE Engineering in Medicine and Biology 27th Annual Conference,,11,0,Motor Imagery and Movement Decoding,,10.1109/IEMBS.2005.1616437,,17282206,https://doi.org/10.1109/IEMBS.2005.1616437,https://www.semanticscholar.org/paper/45f1790de4f4ef5702df8206d7601cdadb14a76a,,Computer Science; Engineering; Medicine,True
2005,73,73,,59.168,citations=11; influential=0; BCI term matches=1; title BCI matches=1; open PDF metadata,629b0df7bc1762e3e6228f8372b8985a4325f121,Brain-computer interface research at Aalborg University,"K. D. Nielsen, O. F. Nascimento, Álvaro Cabrera",,,11,0,General BCI Methods and Systems,,,,,https://www.semanticscholar.org/paper/629b0df7bc1762e3e6228f8372b8985a4325f121,https://www.semanticscholar.org/paper/629b0df7bc1762e3e6228f8372b8985a4325f121,,Computer Science; Engineering,True
2005,74,74,,57.254,citations=10; influential=0; BCI term matches=1; title BCI matches=1; open PDF metadata,e78481b3f8188e673089be48a85858db530dbc17,Pattern Recognition of EEG Signals during Right and Left Motor Imagery based on Quasi-AR Model,"Katsuhiro Inoue, R. Kajikawa, Tomoyuki Nakamura, K. Kumamaru, Gert Pfurtscheller",,2005-05-05,10,0,Motor Imagery and Movement Decoding,,10.5687/SSS.2005.153,,,https://doi.org/10.5687/SSS.2005.153,https://www.semanticscholar.org/paper/e78481b3f8188e673089be48a85858db530dbc17,https://doi.org/10.5687/sss.2005.153,Computer Science,True
2005,75,75,,57.254,citations=10; influential=0; BCI term matches=1; title BCI matches=1; open PDF metadata,cb00a21f180df5e355f260595ad3c65f46066fb5,Laboratory PC and Mobile Pocket PC Brain-Computer Interface Architectures,"G. Edlinger, C. Guger",2005 IEEE Engineering in Medicine and Biology 27th Annual Conference,,10,0,General BCI Methods and Systems,,10.1109/IEMBS.2005.1615689,,17281459,https://doi.org/10.1109/IEMBS.2005.1615689,https://www.semanticscholar.org/paper/cb00a21f180df5e355f260595ad3c65f46066fb5,,Computer Science; Engineering; Medicine,True
2005,76,76,,56.395,citations=5; influential=1; BCI term matches=1; title BCI matches=1; open PDF metadata,f70ed3b87ee4c6c1a0b5b1116649b389b53ba300,Bayesian Method for Continuous Cursor Control in EEG-Based Brain-Computer Interface,"Xiaoyuan Zhu, Cuntai Guan, Jian-Kang Wu, Yimin Cheng, Yixiao Wang",2005 IEEE Engineering in Medicine and Biology 27th Annual Conference,,5,1,EEG Signal Processing and Datasets,,10.1109/IEMBS.2005.1616130,,17281899,https://doi.org/10.1109/IEMBS.2005.1616130,https://www.semanticscholar.org/paper/f70ed3b87ee4c6c1a0b5b1116649b389b53ba300,,Computer Science; Medicine,True
2005,77,77,,56.395,citations=5; influential=1; BCI term matches=1; title BCI matches=1; open PDF metadata,3b0ed4245d36ae3006cc19016ed15617518589c2,A Portable Wireless DSP System for a Brain Machine Interface,"S. Darmanjian, S. Morrison, B. Dang, K. Gugel, J. Príncipe","Conference Proceedings. 2nd International IEEE EMBS Conference on Neural Engineering, 2005.",2005-03-16,5,1,General BCI Methods and Systems,,10.1109/CNE.2005.1419566,,,https://doi.org/10.1109/CNE.2005.1419566,https://www.semanticscholar.org/paper/3b0ed4245d36ae3006cc19016ed15617518589c2,http://www.cnel.ufl.edu/files/1167250367.pdf,Computer Science; Engineering,True
2005,78,78,,55.157,citations=9; influential=0; BCI term matches=1; title BCI matches=1; open PDF metadata,ecc54218ca548995de789e47d634b8e257519276,Adaboost for improving classification of left and right hand motor imagery tasks,"Pei Xiaomei, Z. Chong-xun, Xu Jin, Bin Guangyu","Proceedings. 2005 First International Conference on Neural Interface and Control, 2005.",2005-05-26,9,0,Motor Imagery and Movement Decoding,,10.1109/ICNIC.2005.1499830,,,https://doi.org/10.1109/ICNIC.2005.1499830,https://www.semanticscholar.org/paper/ecc54218ca548995de789e47d634b8e257519276,,Computer Science,True
2005,79,79,,52.839,citations=8; influential=0; BCI term matches=1; title BCI matches=1; open PDF metadata,dba787d84321198f02a88c319a5b7858ebbdd055,On the On-line Learning Algorithms for EEG Signal Classification in Brain Computer Interfaces,"Shiliang Sun, Changshui Zhang, Naijiang Lu",International Conference on Fuzzy Systems and Knowledge Discovery,2005-08-27,8,0,EEG Signal Processing and Datasets,,10.1007/11540007_79,,,https://doi.org/10.1007/11540007_79,https://www.semanticscholar.org/paper/dba787d84321198f02a88c319a5b7858ebbdd055,,Computer Science,True
2005,80,80,,52.839,citations=8; influential=0; BCI term matches=1; title BCI matches=1; open PDF metadata,56844b7b310b65fc76e74292376fd1461efbbf39,Enhancing Feature Extraction with Sparse Component Analysis for Brain-Computer Interface,"Yuanqing Li, Cuntai Guan, Jianzhao Qin",2005 IEEE Engineering in Medicine and Biology 27th Annual Conference,,8,0,General BCI Methods and Systems,,10.1109/IEMBS.2005.1615686,,17281456,https://doi.org/10.1109/IEMBS.2005.1615686,https://www.semanticscholar.org/paper/56844b7b310b65fc76e74292376fd1461efbbf39,,Computer Science; Engineering; Medicine,True
2005,81,81,,50.248,citations=7; influential=0; BCI term matches=1; title BCI matches=1; open PDF metadata,0c7a9d0963c45107035de2d5931beaa32bc48dfb,Optimal parameterization selection for the brain-computer interface,"J. Stastný, Jiří Zejbrdlich, P. Sovka",,2005-03-13,7,0,General BCI Methods and Systems,,,,,https://www.semanticscholar.org/paper/0c7a9d0963c45107035de2d5931beaa32bc48dfb,https://www.semanticscholar.org/paper/0c7a9d0963c45107035de2d5931beaa32bc48dfb,,Computer Science,True
2005,82,82,,50.248,citations=7; influential=0; BCI term matches=1; title BCI matches=1; open PDF metadata,5fb303c37c85c56454f51738a78cb529c6934f24,Multiresolution Representations and Data Mining of Neural Spikes for Brain-Machine Interfaces,"Sung-Phil Kim, J. Carmena, M. Nicolelis, J. C. Príncipe","Conference Proceedings. 2nd International IEEE EMBS Conference on Neural Engineering, 2005.",2005-03-16,7,0,General BCI Methods and Systems,,10.1109/CNE.2005.1419596,,,https://doi.org/10.1109/CNE.2005.1419596,https://www.semanticscholar.org/paper/5fb303c37c85c56454f51738a78cb529c6934f24,,Computer Science; Engineering,True
2005,83,83,,50.248,citations=7; influential=0; BCI term matches=1; title BCI matches=1; open PDF metadata,67c90dacd2a7faa364036f67a11f1bb2c222d30a,Electrocorticogram-Controlled Brain-Computer Interfaces in Patients with Temporary Subdural Electrode Implants.,"E. Felton, J. Wilson, R. Radwin, Justin C. Williams, P. Garell",Neurosurgery,2005-08-01,7,0,Invasive and Implantable Interfaces,,10.1093/neurosurgery/57.2.425a,,28184826,https://doi.org/10.1093/neurosurgery/57.2.425a,https://www.semanticscholar.org/paper/67c90dacd2a7faa364036f67a11f1bb2c222d30a,https://journals.lww.com/neurosurgery/pages/default.aspx,Engineering; Medicine,True
2005,84,84,,49.908,citations=4; influential=0; recognized venue; BCI term matches=1; title BCI matches=1; open PDF metadata,11cbae45bded51bc318fe6e99c078ca314cfa537,Evolutionary Design of a Brain-Computer Interface,"G. Romero, M. G. Arenas, P. Valdivieso, J. J. M. Guervós",International Work-Conference on Artificial and Natural Neural Networks,2005-06-08,4,0,General BCI Methods and Systems,,10.1007/11494669_82,,,https://doi.org/10.1007/11494669_82,https://www.semanticscholar.org/paper/11cbae45bded51bc318fe6e99c078ca314cfa537,,Computer Science; Engineering,True
2005,85,85,,47.419,citations=5; influential=0; BCI term matches=2; title BCI matches=2; open PDF metadata,13f03694fe317b619c2f10536ffcd464c061e25b,Improving signal separability and inter-session stability of a motor imagery-based brain-computer interface by neural-time-series-prediction-preprocessing,"D. Coyle, G. Prasad, T. McGinnity",,2005-09-01,5,0,Motor Imagery and Movement Decoding,,,,,https://www.semanticscholar.org/paper/13f03694fe317b619c2f10536ffcd464c061e25b,https://www.semanticscholar.org/paper/13f03694fe317b619c2f10536ffcd464c061e25b,,Computer Science; Engineering,True
2005,86,86,,47.31,citations=6; influential=0; BCI term matches=1; title BCI matches=1; open PDF metadata,57caea37fe6e1d48c04331fe547cb83ac400c567,Determination of the arm orientation for brain-machine interface prosthetics,"S. Clanton, J. Laws, Y. Matsuoka","ROMAN 2005. IEEE International Workshop on Robot and Human Interactive Communication, 2005.",2005-10-03,6,0,Rehabilitation and Neuroprosthetics,,10.1109/ROMAN.2005.1513815,,,https://doi.org/10.1109/ROMAN.2005.1513815,https://www.semanticscholar.org/paper/57caea37fe6e1d48c04331fe547cb83ac400c567,,Computer Science; Engineering; Medicine,True
2005,87,87,,47.31,citations=6; influential=0; BCI term matches=1; title BCI matches=1; open PDF metadata,1442f11f66a7718f0f68bc8d1ee8024212503dd4,A Systems Approach for Real-Time Data Compression in Advanced Brain-Machine Interfaces,"K. Oweiss, K. Thomson, D. Anderson","Conference Proceedings. 2nd International IEEE EMBS Conference on Neural Engineering, 2005.",2005-03-16,6,0,General BCI Methods and Systems,,10.1109/CNE.2005.1419553,,,https://doi.org/10.1109/CNE.2005.1419553,https://www.semanticscholar.org/paper/1442f11f66a7718f0f68bc8d1ee8024212503dd4,,Computer Science; Engineering; Medicine,True
2005,88,88,,43.919,citations=5; influential=0; BCI term matches=1; title BCI matches=1; open PDF metadata,26b93043e362abb03f7a3eca265706547317cfec,Phase synchronization for classification of spontaneous EEG signals in brain-computer interfaces,E. Gysels,,,5,0,EEG Signal Processing and Datasets,,10.5075/EPFL-THESIS-3397,,,https://doi.org/10.5075/EPFL-THESIS-3397,https://www.semanticscholar.org/paper/26b93043e362abb03f7a3eca265706547317cfec,,Computer Science; Engineering,True
2005,89,89,,43.919,citations=5; influential=0; BCI term matches=1; title BCI matches=1; open PDF metadata,a57d8012ca4d0ab0fecf87c530557c1b5106bb63,Measurement and analysis of electroencephalogram (EEG) using directional visual stimuli for brain computer interface,"Dashun Wang, T. Kochiyama, Shengfu Lu, Jing-long Wu",Active Media Technology,2005-05-19,5,0,EEG Signal Processing and Datasets,,10.1109/AMT.2005.1505261,,,https://doi.org/10.1109/AMT.2005.1505261,https://www.semanticscholar.org/paper/a57d8012ca4d0ab0fecf87c530557c1b5106bb63,,Computer Science; Engineering; Medicine,True
2005,90,90,,43.919,citations=5; influential=0; BCI term matches=1; title BCI matches=1; open PDF metadata,f7552095a82bb55fad422b26fb952052b857541a,Information Capacity of Brain Machine Interfaces,"G. Gage, E. Ionides, D. Kipke",2005 IEEE Engineering in Medicine and Biology 27th Annual Conference,,5,0,General BCI Methods and Systems,,10.1109/IEMBS.2005.1616876,,17282645,https://doi.org/10.1109/IEMBS.2005.1616876,https://www.semanticscholar.org/paper/f7552095a82bb55fad422b26fb952052b857541a,,Computer Science; Engineering; Medicine,True
2005,91,91,,43.919,citations=5; influential=0; BCI term matches=1; title BCI matches=1; open PDF metadata,fa9785fdee6642511df6b620dfba8a0306b8dc89,Generative Temporal ICA for Classification in Asynchronous BCI Systems,"S. Chiappa, D. Barber","Conference Proceedings. 2nd International IEEE EMBS Conference on Neural Engineering, 2005.",2005-03-16,5,0,EEG Signal Processing and Datasets,,10.1109/CNE.2005.1419672,,,https://doi.org/10.1109/CNE.2005.1419672,https://www.semanticscholar.org/paper/fa9785fdee6642511df6b620dfba8a0306b8dc89,http://publications.idiap.ch/downloads/reports/2005/silviac-ieeeembs05.pdf,Computer Science,True
2005,92,92,,43.919,citations=5; influential=0; BCI term matches=1; title BCI matches=1; open PDF metadata,2d6a0fce6e9ede7de7f9035a7849164587079d90,A conceptual brain machine interface system,"O. Byron, J. He, J. Hu, J. Si","Proceedings. 2005 First International Conference on Neural Interface and Control, 2005.",2005-05-26,5,0,General BCI Methods and Systems,,10.1109/ICNIC.2005.1499838,,,https://doi.org/10.1109/ICNIC.2005.1499838,https://www.semanticscholar.org/paper/2d6a0fce6e9ede7de7f9035a7849164587079d90,,Computer Science; Engineering,True
2005,93,93,,43.919,citations=5; influential=0; BCI term matches=1; title BCI matches=1; open PDF metadata,05b73e491f3b10f4df154343f3ff78e9d19a847f,A Boosting Approach to P 300 Detection with Application to Brain-Computer Interfaces,"Ulrich Hoffmann, G. garcia, J. Vesin, K. Diserens, T. Ebrahimi",,,5,0,General BCI Methods and Systems,,,,,https://www.semanticscholar.org/paper/05b73e491f3b10f4df154343f3ff78e9d19a847f,https://www.semanticscholar.org/paper/05b73e491f3b10f4df154343f3ff78e9d19a847f,,Computer Science; Medicine,True
2005,94,94,,41.998,citations=3; influential=0; review/survey; BCI term matches=1; title BCI matches=1; open PDF metadata,a47d40d3a7138362098137ef1a614e31a6476ce7,[A review of brain-computer interfaces (BCIs)].,"Banghua Yang, Guo-zheng Yan, Rongguo Yan",Zhongguo yi liao qi xie za zhi = Chinese journal of medical instrumentation,2005-07-01,3,0,General BCI Methods and Systems,,,,16419943,https://www.semanticscholar.org/paper/a47d40d3a7138362098137ef1a614e31a6476ce7,https://www.semanticscholar.org/paper/a47d40d3a7138362098137ef1a614e31a6476ce7,,Computer Science; Medicine,True
2005,95,95,,41.146,citations=2; influential=1; BCI term matches=1; title BCI matches=1; open PDF metadata,023aa4b7d9cfdf9f86242f6e1cf0f2771d783b30,An Improved Adaptive RBF Network for Classification of Left and Right Hand Motor Imagery Tasks,"Xiao-mei Pei, Jin Xu, Chongxun Zheng, Guang-yu Bin","International Conference on Computing, Networking and Communications",2005-08-27,2,1,Motor Imagery and Movement Decoding,,10.1007/11539087_136,,,https://doi.org/10.1007/11539087_136,https://www.semanticscholar.org/paper/023aa4b7d9cfdf9f86242f6e1cf0f2771d783b30,,Computer Science,True
2005,96,96,,39.998,citations=3; influential=0; invasive/high-bandwidth BCI; BCI term matches=1; title BCI matches=1; open PDF metadata,e3d7fd151924eb56e3b886d9d334549eb68f388d,Wavelet-based Processing of EEG Data for Brain-Computer Interfaces,"D. Cheng, V. D'Amato, Vittorio Murino",Computer Vision and Pattern Recognition,2005-06-20,3,0,Invasive and Implantable Interfaces,"Brain-Computer Interfaces based on non-invasive electroencephalographic (EEG) signals were recently made practical through sophisticated algorithms and clever systems, in such a way that the dream of effortlessly translating volition into action is coming true, albeit in a limited way. However, a low signal-to-noise ratio and the presence of frequent artefacts, such as eye blinks, contaminate the recordings and make the recognition of the underlying mental processes difficult. In this study, a novel waveletbased signal processing technique, ContinuousWavelet Regression, has been applied to refine EEG data in a wellknown setting. The recordings of spontaneous (i.e., asynchronous) signals of subjects performing highly different cognitive tasks have been processed by our algorithm, and then analyzed and classified, obtaining very promising results as compared with those obtained by previous studies.",10.1109/CVPR.2005.551,,,https://doi.org/10.1109/CVPR.2005.551,https://www.semanticscholar.org/paper/e3d7fd151924eb56e3b886d9d334549eb68f388d,,Computer Science; Engineering; Medicine,True
2005,97,97,,39.908,citations=4; influential=0; BCI term matches=1; title BCI matches=1; open PDF metadata,628584e43a48717b5135cd3c917a9f9bb9599dcb,suppression using recurrent neural network for electro-encephalogram based brain-computer interface,"A. Erfanian, B. Mahmoudi",,,4,0,General BCI Methods and Systems,,,,,https://www.semanticscholar.org/paper/628584e43a48717b5135cd3c917a9f9bb9599dcb,https://www.semanticscholar.org/paper/628584e43a48717b5135cd3c917a9f9bb9599dcb,,Computer Science; Engineering; Medicine,True
2005,98,98,,39.908,citations=4; influential=0; BCI term matches=1; title BCI matches=1; open PDF metadata,a515a14ae1a0b5c9d9b92a9ba5b486fe1d590325,The Feature Extraction in Brain-Computer Interface Based on Best Basis of Wavelet Packet,Yang Rong-guo,,,4,0,General BCI Methods and Systems,,,,,https://www.semanticscholar.org/paper/a515a14ae1a0b5c9d9b92a9ba5b486fe1d590325,https://www.semanticscholar.org/paper/a515a14ae1a0b5c9d9b92a9ba5b486fe1d590325,,Computer Science,True
2005,99,99,,39.908,citations=4; influential=0; BCI term matches=1; title BCI matches=1; open PDF metadata,80659c870ccbfc0fc38eb6ff6cc3f7184419be80,Patients with ALS can use sensorimotor rhythms to operate a brain-computer interface,P. Box,,,4,0,Motor Imagery and Movement Decoding,,,,,https://www.semanticscholar.org/paper/80659c870ccbfc0fc38eb6ff6cc3f7184419be80,https://www.semanticscholar.org/paper/80659c870ccbfc0fc38eb6ff6cc3f7184419be80,,Engineering; Medicine,True
2005,100,100,,39.908,citations=4; influential=0; BCI term matches=1; title BCI matches=1; open PDF metadata,d15ddaede0595f5575193863d976ca9bb5f3c705,Network Boosting for BCI Applications,"Shijun Wang, Zhonglin Lin, Changshui Zhang",IFIP Working Conference on Database Semantics,2005-10-08,4,0,General BCI Methods and Systems,,10.1007/11563983_38,,,https://doi.org/10.1007/11563983_38,https://www.semanticscholar.org/paper/d15ddaede0595f5575193863d976ca9bb5f3c705,,Computer Science,True
2005,101,101,,39.908,citations=4; influential=0; BCI term matches=1; title BCI matches=1; open PDF metadata,35834653e6a1188f9b2880e05bcb8e039dae616a,Machine learning methods for brain computer interfaces,T. N. Lal,,,4,0,General BCI Methods and Systems,,,,,https://www.semanticscholar.org/paper/35834653e6a1188f9b2880e05bcb8e039dae616a,https://www.semanticscholar.org/paper/35834653e6a1188f9b2880e05bcb8e039dae616a,,Computer Science; Medicine,True
2005,102,102,,39.908,citations=4; influential=0; BCI term matches=1; title BCI matches=1; open PDF metadata,b99a7514c83cbd736d6b810f22cc024d15d766e1,A Brain-Computer Interface for Control of a Prosthetic Hand,M. Y. Ahmad,,,4,0,Motor Imagery and Movement Decoding,,,,,https://www.semanticscholar.org/paper/b99a7514c83cbd736d6b810f22cc024d15d766e1,https://www.semanticscholar.org/paper/b99a7514c83cbd736d6b810f22cc024d15d766e1,,Engineering; Medicine,True
2005,103,103,,38.669,citations=2; influential=0; recognized venue; BCI term matches=1; title BCI matches=1; open PDF metadata,0539baede79f193047100a87f98faffe426bff69,1408 Usefulness of an EEG-based brain-computer interface to establish communication in ALS,,Journal of Neurological Sciences,2005-01-01,2,0,EEG Signal Processing and Datasets,,10.1016/s0022-510x(05)81770-8,,,https://doi.org/10.1016/s0022-510x(05)81770-8,https://www.semanticscholar.org/paper/0539baede79f193047100a87f98faffe426bff69,,Engineering; Medicine,True
2005,104,104,,34.998,citations=3; influential=0; BCI term matches=1; title BCI matches=1; open PDF metadata,3ddf0a7365ecd0256278f0666692da1c8d60bdab,Model based EEG signal purification to improve the accuracy of the bci systems,"Farid Atry, Amir H. Omidvarnia, S. Setarehdan",European Signal Processing Conference,2005-09-01,3,0,EEG Signal Processing and Datasets,,,,,https://www.semanticscholar.org/paper/3ddf0a7365ecd0256278f0666692da1c8d60bdab,https://www.semanticscholar.org/paper/3ddf0a7365ecd0256278f0666692da1c8d60bdab,,Computer Science; Engineering,True
2005,105,105,,34.998,citations=3; influential=0; BCI term matches=1; title BCI matches=1; open PDF metadata,cc2835f43b3ee6a050a120cc6c7b317d5248216f,Measuring the performance of brain-computer interfaces using the information transfer rate,"Julien Kronegg, T. Pun",,,3,0,General BCI Methods and Systems,,,,,https://www.semanticscholar.org/paper/cc2835f43b3ee6a050a120cc6c7b317d5248216f,https://www.semanticscholar.org/paper/cc2835f43b3ee6a050a120cc6c7b317d5248216f,,Computer Science; Engineering,True
2005,106,106,,34.998,citations=3; influential=0; BCI term matches=1; title BCI matches=1; open PDF metadata,bb84b202e00f71d65d1d8ce82d0743c435f8887e,Improving the Performance of Two-state Mental Task Brain-Computer Interface Design Using Linear Discriminant Classifier,"Ramaswamy Palaniappan, Nai-Jen Huan",EUROCON Conference,,3,0,General BCI Methods and Systems,,10.1109/EURCON.2005.1629949,,,https://doi.org/10.1109/EURCON.2005.1629949,https://www.semanticscholar.org/paper/bb84b202e00f71d65d1d8ce82d0743c435f8887e,,Computer Science,True
2005,107,107,,34.998,citations=3; influential=0; BCI term matches=1; title BCI matches=1; open PDF metadata,22afe87747aa9f6f32c4f9953cd9465f388cd947,Enhancement of Performance of an EEG-based Brain-Computer Interface by means of a Time-Frequency Approach,"N. Yamawaki, C. Wilke, Z.M. Liu, B. He","Conference Proceedings. 2nd International IEEE EMBS Conference on Neural Engineering, 2005.",2005-03-16,3,0,EEG Signal Processing and Datasets,,10.1109/CNE.2005.1419561,,,https://doi.org/10.1109/CNE.2005.1419561,https://www.semanticscholar.org/paper/22afe87747aa9f6f32c4f9953cd9465f388cd947,,Computer Science; Engineering; Medicine,True
2005,108,108,,34.998,citations=3; influential=0; BCI term matches=1; title BCI matches=1; open PDF metadata,c6ba8cd0305ce71b8c9425df22ca19485fb4ff78,Brain-computer interface: A new channel for information communicate between human brain and environments,Wan Bai-kun,,,3,0,General BCI Methods and Systems,,,,,https://www.semanticscholar.org/paper/c6ba8cd0305ce71b8c9425df22ca19485fb4ff78,https://www.semanticscholar.org/paper/c6ba8cd0305ce71b8c9425df22ca19485fb4ff78,,Computer Science; Engineering; Medicine,True
2005,109,109,,32.169,citations=2; influential=0; BCI term matches=2; title BCI matches=2; open PDF metadata,f314d7ebb87dd54b8de140906761c170f42ebe3e,Study on the P300-based brain computer interface,Zhao Li,,,2,0,"SSVEP, P300, and ERP Spellers",,,,,https://www.semanticscholar.org/paper/f314d7ebb87dd54b8de140906761c170f42ebe3e,https://www.semanticscholar.org/paper/f314d7ebb87dd54b8de140906761c170f42ebe3e,,Computer Science; Engineering,True
2005,110,110,,32.169,citations=2; influential=0; BCI term matches=2; title BCI matches=2; open PDF metadata,501a6060998de382ca351c30a5e1ef568c767aeb,Researches of Key Techniques on Brain-Computer Interface (BCI),Yu Lianzh,,,2,0,General BCI Methods and Systems,,,,,https://www.semanticscholar.org/paper/501a6060998de382ca351c30a5e1ef568c767aeb,https://www.semanticscholar.org/paper/501a6060998de382ca351c30a5e1ef568c767aeb,,Computer Science,True
2005,111,111,,28.669,citations=2; influential=0; BCI term matches=1; title BCI matches=1; open PDF metadata,f4eb7867ec0e72f986a9ecf7104ccb38a97f15be,Visual categorization of brain computer interface technologies,"Karla Felix Navarro, E. Lawrence, Donald K. Martin",,2005-07-14,2,0,General BCI Methods and Systems,,,,,https://www.semanticscholar.org/paper/f4eb7867ec0e72f986a9ecf7104ccb38a97f15be,https://www.semanticscholar.org/paper/f4eb7867ec0e72f986a9ecf7104ccb38a97f15be,,Computer Science,True
2005,112,112,,28.669,citations=2; influential=0; BCI term matches=1; title BCI matches=1; open PDF metadata,e903e0772301ad2a035f6e2ba6f4ed72f2a8dd55,Latency Reduction during Telemetry Transmission in Brain-Machine Interfaces,K. Oweiss,2005 IEEE Engineering in Medicine and Biology 27th Annual Conference,,2,0,General BCI Methods and Systems,,10.1109/IEMBS.2005.1616867,,17282636,https://doi.org/10.1109/IEMBS.2005.1616867,https://www.semanticscholar.org/paper/e903e0772301ad2a035f6e2ba6f4ed72f2a8dd55,,Computer Science; Engineering; Medicine,True
2005,113,113,,28.669,citations=2; influential=0; BCI term matches=1; title BCI matches=1; open PDF metadata,923cc8ac9954c3b03fcb0a4fef9780d69b6bb3d8,A brain-computer interface for control of a prosthetic hand,Ng Siew Cheok,,2005-04-01,2,0,Motor Imagery and Movement Decoding,,,,,https://www.semanticscholar.org/paper/923cc8ac9954c3b03fcb0a4fef9780d69b6bb3d8,https://www.semanticscholar.org/paper/923cc8ac9954c3b03fcb0a4fef9780d69b6bb3d8,,Engineering; Medicine,True
2005,114,114,,28.669,citations=2; influential=0; BCI term matches=1; title BCI matches=1; open PDF metadata,df62fae45269d037473e996a8b4b7ae07363aadf,A BCI based virtual control testbed for motion disabled people,"Jayoung J. Goo, Dongjun Suh, Hyung-Sang Cho, K. S. Park, Minsoo Hahn","International Symposium on Information, Communication and Automation Technologies",2005-12-05,2,0,General BCI Methods and Systems,,10.1145/1152399.1152473,,,https://doi.org/10.1145/1152399.1152473,https://www.semanticscholar.org/paper/df62fae45269d037473e996a8b4b7ae07363aadf,,Computer Science; Engineering; Medicine,True
2005,115,115,,26.749,citations=1; influential=0; review/survey; BCI term matches=1; title BCI matches=1; open PDF metadata,0908389f8c047717f8144c8c56baaa7984ee3637,A Review of Brain-Computer Interface Technology,Yang Li-cai,,,1,0,General BCI Methods and Systems,,,,,https://www.semanticscholar.org/paper/0908389f8c047717f8144c8c56baaa7984ee3637,https://www.semanticscholar.org/paper/0908389f8c047717f8144c8c56baaa7984ee3637,,Computer Science; Engineering; Medicine,True
2005,116,116,,23.249,citations=1; influential=0; BCI term matches=2; title BCI matches=2; open PDF metadata,e35456739ffda4890c3e2e2b70ba17f4a974e38a,"Artifacts, Habituation and P300-Based Brain Machine Interfaces","P. Kota, K. Sundaresan, B. Jansen",2005 IEEE Engineering in Medicine and Biology 27th Annual Conference,,1,0,"SSVEP, P300, and ERP Spellers",,10.1109/IEMBS.2005.1616131,,17281900,https://doi.org/10.1109/IEMBS.2005.1616131,https://www.semanticscholar.org/paper/e35456739ffda4890c3e2e2b70ba17f4a974e38a,,Medicine; Psychology,True
2005,117,117,,19.749,citations=1; influential=0; BCI term matches=1; title BCI matches=1; open PDF metadata,f15f1a99c4cd2fa68c971d56c8efed868bc37bcb,Wavelet Analysis of Evoked Electroencephalogram (EEG) in Brain-Computer Interface,Wang Zhiyu,,,1,0,EEG Signal Processing and Datasets,,,,,https://www.semanticscholar.org/paper/f15f1a99c4cd2fa68c971d56c8efed868bc37bcb,https://www.semanticscholar.org/paper/f15f1a99c4cd2fa68c971d56c8efed868bc37bcb,,Computer Science; Mathematics,True
2005,118,118,,19.749,citations=1; influential=0; BCI term matches=1; title BCI matches=1; open PDF metadata,cde1050eece906cd627680c71988cd904c74eb08,Investigating the mutual effects of physical training and mu-based brain-computer interface systems,Adriane B. Davis,ASAC,2005-06-01,1,0,General BCI Methods and Systems,,10.1145/1077238.1077243,,,https://doi.org/10.1145/1077238.1077243,https://www.semanticscholar.org/paper/cde1050eece906cd627680c71988cd904c74eb08,,Computer Science; Engineering; Medicine,True
2005,119,119,,19.749,citations=1; influential=0; BCI term matches=1; title BCI matches=1; open PDF metadata,5407b620f348603ddc7a9a2fc8cb66322edae0de,Improving Signal Separability and Inter-Session Stability for a Brain-Computer Interface by Time-Series-Prediction-Preprocessing,"D. Coyle, G. Prasad, T. Mcginnity",2005 IEEE Engineering in Medicine and Biology 27th Annual Conference,,1,0,General BCI Methods and Systems,,10.1109/IEMBS.2005.1615706,,17281476,https://doi.org/10.1109/IEMBS.2005.1615706,https://www.semanticscholar.org/paper/5407b620f348603ddc7a9a2fc8cb66322edae0de,,Computer Science; Engineering; Medicine,True
2005,120,120,,19.749,citations=1; influential=0; BCI term matches=1; title BCI matches=1; open PDF metadata,8b947860fb58dccf96d92e054cab8359d06397a7,Expert Assessment of Neuroimaging and Brain-Computer Interface,"L. Bolinger, Y. Marchand, B. Ramjiawan, U. Sboto-Frankenstein, Nova Scotia",,,1,0,General BCI Methods and Systems,,,,,https://www.semanticscholar.org/paper/8b947860fb58dccf96d92e054cab8359d06397a7,https://www.semanticscholar.org/paper/8b947860fb58dccf96d92e054cab8359d06397a7,,Computer Science; Medicine,True
2005,121,121,,19.749,citations=1; influential=0; BCI term matches=1; title BCI matches=1; open PDF metadata,833b2e84ec2e08f98cdb6688ce88fc605b3a320c,"EEG Signal Acquisition , DeNoising and Classification for Brain Computer Interfaces","P. Ramkumar, G. Singhal",,,1,0,EEG Signal Processing and Datasets,,,,,https://www.semanticscholar.org/paper/833b2e84ec2e08f98cdb6688ce88fc605b3a320c,https://www.semanticscholar.org/paper/833b2e84ec2e08f98cdb6688ce88fc605b3a320c,,Computer Science; Engineering; Medicine,True
2005,122,122,,19.749,citations=1; influential=0; BCI term matches=1; title BCI matches=1; open PDF metadata,bf5724bf18e87050ff9b7a5cfd0b5f85740a8486,Cognitive neural prosthetics: brain machine interfaces based in parietal cortex,Daniella Meeker,,,1,0,Rehabilitation and Neuroprosthetics,,10.7907/V2BZ-EG30.,,,https://doi.org/10.7907/V2BZ-EG30.,https://www.semanticscholar.org/paper/bf5724bf18e87050ff9b7a5cfd0b5f85740a8486,,Computer Science; Engineering; Medicine,True
2005,123,123,,19.749,citations=1; influential=0; BCI term matches=1; title BCI matches=1; open PDF metadata,938d3c8498cbcc7d51225266f37e637c55c36d59,Automatic Error Correction Using P 3 Response Verification for a Brain-Computer Interface,"J. Bayliss, Samuel A. Inverso",,,1,0,General BCI Methods and Systems,,,,,https://www.semanticscholar.org/paper/938d3c8498cbcc7d51225266f37e637c55c36d59,https://www.semanticscholar.org/paper/938d3c8498cbcc7d51225266f37e637c55c36d59,,Computer Science; Engineering,True
2005,124,124,,19.5,citations=0; influential=0; dataset/benchmark; clinical/rehab relevance; BCI term matches=3; title BCI matches=2; open PDF metadata,aa1a568fdd55b727b3fdac975e44ab11bb7e36a0,Enhanced Feature Selection for Motor Imagery-Based Brain-Computer Interface: A Comparative Study of Hippopotamus Optimization Algorithm with Riemannian and CSP Techniques,"Satvika S S, Puspita Biswas, Vishnu Priya R, J. J, V. M.",2026 3rd International Conference on Integrated Intelligence and Communication Systems (ICIICS),2005-06-17,0,0,Motor Imagery and Movement Decoding,"EEG-based motor imagery (MI) classification is a critical component of Brain-Computer Interface (BCI) systems for assistive and rehabilitation applications. However, the nonstationary and noisy nature of EEG signals poses significant challenges for achieving robust classification performance. This paper investigates three hybrid MI-BCI pipelines that integrate spatial feature extraction, machine learning classifiers, and metaheuristic-based feature selection. Common Spatial Pattern (CSP) and Riemannian Geometry are employed for feature extraction, while Support Vector Machine and Random Forest classifiers are optimized using the Hippopotamus Optimization (HO) algorithm. Experimental evaluation on a public EEG motor imagery dataset demonstrates that the CSP+SVM+HO pipeline achieves the best performance, with an accuracy of 95 % and an F1-score of 0.95. The Riemannian Geometry+SVM+HO pipeline achieves 92.5 % accuracy, whereas the Riemannian Geometry + Random Forest +HO pipeline yields 72.5 %. These results highlight the effectiveness of optimized spatial filtering and feature selection in enhancing MI-BCI classification and support the development of reliable BCI systems.",10.1109/ICIICS67880.2026.11483588,,,https://doi.org/10.1109/ICIICS67880.2026.11483588,https://www.semanticscholar.org/paper/aa1a568fdd55b727b3fdac975e44ab11bb7e36a0,,Computer Science; Engineering; Medicine,True
2005,125,125,,18.5,citations=0; influential=0; review/survey; modern ML method; BCI term matches=3; title BCI matches=1; open PDF metadata,9b24e91d5de51a7daffc486689d2de50ec79026f,An Analytical Study of Deep Learning Techniques in Motor Imagery Eeg Signal Processing,"V. R, K. A",2026 3rd International Conference on Integrated Intelligence and Communication Systems (ICIICS),2005-06-17,0,0,Motor Imagery and Movement Decoding,"The application of Brain-Computer Interface (BCI) depends largely on Motor Imagery (MI) based electroncephalography (EEG) to allow communication and control to people with motor loss. Deep Learning has now become a potent method in handling the MI-EEG signal which automatically bypasses complicated spatial, spectral and time features and crosses the limitations of the conventional machine learning methods. Based on the in-depth examination of the deep learning methods adopted in the processing of MI-EEG, the review outlines the same on a number of architectures such as the Convolutional Neural Networks (CNNs), Recurrent Neural Networks (RNNs), Transformers, and composite models. It also points out the key issues in signal processing of MI-EEG, evaluation of the performance and benchmarking evaluation. Our review has been an informative aid to the researchers and doctors in choosing the appropriate deep learning models, defining the areas that have been a challenge in deep learning and outlying the future directions to be researched.",10.1109/ICIICS67880.2026.11483587,,,https://doi.org/10.1109/ICIICS67880.2026.11483587,https://www.semanticscholar.org/paper/9b24e91d5de51a7daffc486689d2de50ec79026f,,Computer Science,True
2005,126,126,,16.5,citations=0; influential=0; dataset/benchmark; modern ML method; BCI term matches=3; title BCI matches=1; open PDF metadata,395929fec47606c476f359b8452768b74d7257f9,Multi-Scale Spatio-Temporal Network with Frequency-Spatial Parallel Attention for Motor Imagery Classification,"R. Sait, Mahesh Basavaraj, V. Y, P. G, Nutan Sitanshu",2026 3rd International Conference on Integrated Intelligence and Communication Systems (ICIICS),2005-06-17,0,0,Motor Imagery and Movement Decoding,"Motor Imagery (MI) classification is important component of Brain-Computer Interface (BCI) system to identify and interpret brain signal produced during visualization of MI tasks by a subject. This task is challenging due to the non-stationarity of EEG signals, low signal-to-noise ratio and complex overlapping of spatial-spectral patterns. However, traditional Deep Learning models often suffer from limited capability in modeling global frequency contexts, loss of fine-grained spatial details and multi-scale temporal features. To overcome this limitation, paper offers a Multi-Scale SpatioTemporal network with Frequency-Spatial Parallel Attention (MSST-FSPA) model for motor imagery (MI) task classification. The MSST-FSPA model integrates Frequency Channel Attention (FCA) and Spatial Detail Enhancement (SDE) modules. The FCA module effectively captures global contextual dependencies through spectral-wise attention, while the SDE enhances local spatial feature refinement using depthwise convolutions. Experimental results show the MSSTFSPA model effectively achieves 98.60% on the BCIC-IV-2a dataset and 98.80% on the BCIC-IV-2b dataset. These results confirm that the MSST-FSPA model effectively balance classification performance and computational efficiency, making it suitable for BCI system.",10.1109/ICIICS67880.2026.11483407,,,https://doi.org/10.1109/ICIICS67880.2026.11483407,https://www.semanticscholar.org/paper/395929fec47606c476f359b8452768b74d7257f9,,Computer Science; Engineering,True
2005,127,127,,8.0,citations=0; influential=0; BCI term matches=2; title BCI matches=2; open PDF metadata,905c2f273c0cb83a740b0680c7e053f4597ff37e,Graz Brain-Computer Interface ( BCI ) 111,"Kalcher, D. Hotzinger, S. G611y, Ch. Neuper, G. Pfurtscheller",,,0,0,General BCI Methods and Systems,,,,,https://www.semanticscholar.org/paper/905c2f273c0cb83a740b0680c7e053f4597ff37e,https://www.semanticscholar.org/paper/905c2f273c0cb83a740b0680c7e053f4597ff37e,,Computer Science; Engineering; Medicine,True
2005,128,128,,8.0,citations=0; influential=0; modern ML method; BCI term matches=2; open PDF metadata,02559070badd9f5dd85144807514a029e36318e4,CerebralChat: A Hybrid 3D-CNN and BiLSTM Model for Imagined Speech Recognition from EEG Signals,"Smitha B A, Mahantesh K, Dharini E, Impana P Nittur, S. Shetty, Shri Vidya V K",2026 3rd International Conference on Integrated Intelligence and Communication Systems (ICIICS),2005-06-17,0,0,Motor Imagery and Movement Decoding,"Brain computer interfaces (BCIs) are emerging as transformative technologies, enabling direct communication between the human brain and external systems without muscular or verbal effort. Among various BCI paradigms, imagined speech recognition, which decodes silently thought words from neural activity, offers a natural and intuitive interaction pathway, particularly for individuals with speech or motor impairments. However, the non-stationary nature of EEG signals, low signal to noise ratio, and inter subject variability make accurate recognition a challenging task. A hybrid deep learning framework is proposed for decoding imagined speech from EEG signals. The proposed model integrates 3D Convolutional Neural Networks (3D-CNN) for spatial feature learning with Bidirectional Long Short-Term Memory (Bi-LSTM) networks to capture temporal dependencies across EEG sequences. EEG recordings are transformed into spatio-temporal topographic brain maps, preserving both spatial distribution and temporal dynamics. The presented framework demonstrates improved accuracy relative to recent state-of-theart methods. The proposed approach achieving an average accuracy of 84.67%. These findings highlight the potential of hybrid architectures for robust and real time BCI applications, paving the way for advanced assistive communication technologies.",10.1109/ICIICS67880.2026.11483561,,,https://doi.org/10.1109/ICIICS67880.2026.11483561,https://www.semanticscholar.org/paper/02559070badd9f5dd85144807514a029e36318e4,,Computer Science,True
2005,129,129,,4.5,citations=0; influential=0; BCI term matches=1; title BCI matches=1; open PDF metadata,451b377285fc2d027d8d32101a7750994c5542a6,筋電信号を介した Brain Machine Interface,"小池 康晴, 崔 圭完",,2005-10-20,0,0,General BCI Methods and Systems,,,,,https://www.semanticscholar.org/paper/451b377285fc2d027d8d32101a7750994c5542a6,https://www.semanticscholar.org/paper/451b377285fc2d027d8d32101a7750994c5542a6,,Computer Science,True
2005,130,130,,4.5,citations=0; influential=0; BCI term matches=1; title BCI matches=1; open PDF metadata,4a40cb7b17b4672ac78769f7946455b9a2110b36,Technologies and Methods for Improving the Capability of Brain-Computer Interfaces,"J. Judy, P. S. Motta, S. Farshchi, Steven W. Badelt, G. Fridman",,,0,0,General BCI Methods and Systems,,,,,https://www.semanticscholar.org/paper/4a40cb7b17b4672ac78769f7946455b9a2110b36,https://www.semanticscholar.org/paper/4a40cb7b17b4672ac78769f7946455b9a2110b36,,Computer Science; Engineering,True
2005,131,131,,4.5,citations=0; influential=0; BCI term matches=1; title BCI matches=1; open PDF metadata,c5d5e29a25faa729f5cd3ca0d74407bdc51fa927,Subject Age in P 300 BCI,"N. Dias, P. Mendes, J. Correia",,,0,0,General BCI Methods and Systems,,,,,https://www.semanticscholar.org/paper/c5d5e29a25faa729f5cd3ca0d74407bdc51fa927,https://www.semanticscholar.org/paper/c5d5e29a25faa729f5cd3ca0d74407bdc51fa927,,Psychology,True
2005,132,132,,4.5,citations=0; influential=0; BCI term matches=1; title BCI matches=1; open PDF metadata,cf78730ddf51415c10a502940bf7a607126cbaa9,Study on Data Processing and Recognition Methods of Independent Brain-Computer Interface,Jiang Zhao-hu,,,0,0,Invasive and Implantable Interfaces,,,,,https://www.semanticscholar.org/paper/cf78730ddf51415c10a502940bf7a607126cbaa9,https://www.semanticscholar.org/paper/cf78730ddf51415c10a502940bf7a607126cbaa9,,Computer Science; Medicine,True
2005,133,133,,4.5,citations=0; influential=0; BCI term matches=1; title BCI matches=1; open PDF metadata,06659eabec6a9be96ac7c4b492dc25237a736c25,Spatio-temporal analysis of P300 using ICA and SSLOFO,"Bo Hong, Hesheng Liu, P. Schimpf, Shangkai Gao, N. Thakor","Conference Proceedings. 2nd International IEEE EMBS Conference on Neural Engineering, 2005.",2005-03-16,0,0,"SSVEP, P300, and ERP Spellers",,10.1109/CNE.2005.1419706,,,https://doi.org/10.1109/CNE.2005.1419706,https://www.semanticscholar.org/paper/06659eabec6a9be96ac7c4b492dc25237a736c25,,Computer Science,True
2005,134,134,,4.5,citations=0; influential=0; BCI term matches=1; title BCI matches=1; open PDF metadata,933c82eaeaae9b4a9831e3860defe58d38c6b55e,SWITCHING HIDDEN-MARKOV MODEL AND HARDWARE IMPLEMENTATION FOR A BRAIN-MACHINE INTERFACE,S. Darmanjian,,,0,0,General BCI Methods and Systems,,,,,https://www.semanticscholar.org/paper/933c82eaeaae9b4a9831e3860defe58d38c6b55e,https://www.semanticscholar.org/paper/933c82eaeaae9b4a9831e3860defe58d38c6b55e,,Computer Science; Engineering,True
2005,135,135,,4.5,citations=0; influential=0; BCI term matches=1; title BCI matches=1; open PDF metadata,82070a1d955504dc71dca491c774dc91dc7fac8d,Preprocessing the P300 word speller with ICA for brain-computer interfacing,"Suogang Wang, C. James",,,0,0,"SSVEP, P300, and ERP Spellers",,,,,https://www.semanticscholar.org/paper/82070a1d955504dc71dca491c774dc91dc7fac8d,https://www.semanticscholar.org/paper/82070a1d955504dc71dca491c774dc91dc7fac8d,,Computer Science; Engineering,True
2005,136,136,,4.5,citations=0; influential=0; BCI term matches=1; title BCI matches=1; open PDF metadata,9e12309b3e427b62ba0b4479ddc331a2be0bc96f,Perspective of Motor: Related Cerebral Activity to Brain-Computer Interface,A. Kato,,2005-10-15,0,0,Motor Imagery and Movement Decoding,,10.7210/JRSJ.23.790,,,https://doi.org/10.7210/JRSJ.23.790,https://www.semanticscholar.org/paper/9e12309b3e427b62ba0b4479ddc331a2be0bc96f,https://www.jstage.jst.go.jp/article/jrsj1983/23/7/23_7_790/_pdf,Computer Science; Environmental Science,True
2005,137,137,,4.5,citations=0; influential=0; BCI term matches=1; title BCI matches=1; open PDF metadata,c516aec1c4ee6269094d71f9c820cdb2cb1d84ba,New advanced research on brain-computer interface,Wang Min,,,0,0,General BCI Methods and Systems,,,,,https://www.semanticscholar.org/paper/c516aec1c4ee6269094d71f9c820cdb2cb1d84ba,https://www.semanticscholar.org/paper/c516aec1c4ee6269094d71f9c820cdb2cb1d84ba,,Computer Science; Engineering; Medicine,True
2005,138,138,,4.5,citations=0; influential=0; BCI term matches=1; title BCI matches=1; open PDF metadata,47719b6a7b332c7e4dc51d4658bc1edeedf04d10,New advanced research on brain-computer interface,"王敏, 苏学成, 林家瑞",,2005-10-28,0,0,General BCI Methods and Systems,,,,,https://www.semanticscholar.org/paper/47719b6a7b332c7e4dc51d4658bc1edeedf04d10,https://www.semanticscholar.org/paper/47719b6a7b332c7e4dc51d4658bc1edeedf04d10,,Biology; Computer Science,True
2005,139,139,,4.5,citations=0; influential=0; BCI term matches=1; title BCI matches=1; open PDF metadata,b9d6a1bc527385a66336c22f28ae85b0ebe14fba,Neurophysiological correlates of volitional actions for brain computer interface systems,G. Jayshree,,,0,0,General BCI Methods and Systems,,,,,https://www.semanticscholar.org/paper/b9d6a1bc527385a66336c22f28ae85b0ebe14fba,https://www.semanticscholar.org/paper/b9d6a1bc527385a66336c22f28ae85b0ebe14fba,,Computer Science; Psychology,True
2005,140,140,,4.5,citations=0; influential=0; BCI term matches=1; title BCI matches=1; open PDF metadata,7a66c502f48d3975cacc4793e8e524a8d5f28f04,Improving thePerformance ofTwo-state Mental Task Brain-Computer Interface Design Using,LinearDiscriminant Classifier,,,0,0,General BCI Methods and Systems,,,,,https://www.semanticscholar.org/paper/7a66c502f48d3975cacc4793e8e524a8d5f28f04,https://www.semanticscholar.org/paper/7a66c502f48d3975cacc4793e8e524a8d5f28f04,,Computer Science,True
2005,141,141,,4.5,citations=0; influential=0; BCI term matches=1; title BCI matches=1; open PDF metadata,cd3ab634f6bed1a269818b0624dfae9d65b74742,Improving the Recognition Rate of EEG in BCI Based on Genetic Algorithm and Probabilistic Neural Network,Y. Guozheng,,,0,0,Invasive and Implantable Interfaces,,,,,https://www.semanticscholar.org/paper/cd3ab634f6bed1a269818b0624dfae9d65b74742,https://www.semanticscholar.org/paper/cd3ab634f6bed1a269818b0624dfae9d65b74742,,Computer Science; Engineering; Medicine,True
2005,142,142,,4.5,citations=0; influential=0; BCI term matches=1; title BCI matches=1; open PDF metadata,aa62ef4a5e7ad29448fbedd3548cdc8826721eb2,Impedance Control in Brain-Machine Interfaces through a Physically-based Musculoskeletal Model of the Arm,"Hyun K. Kim, J. Carmena, J. Biggs, Timothy L Hanson, M. Nicolelis, M. Srinivasan",,,0,0,General BCI Methods and Systems,,,,,https://www.semanticscholar.org/paper/aa62ef4a5e7ad29448fbedd3548cdc8826721eb2,https://www.semanticscholar.org/paper/aa62ef4a5e7ad29448fbedd3548cdc8826721eb2,,Engineering; Medicine,True
2005,143,143,,4.5,citations=0; influential=0; BCI term matches=1; title BCI matches=1; open PDF metadata,00530ef562927332b5b12c78661068c7740991dd,Data aquisition and communication system for a brain-computer interface / Einly Lim,Lim Einly,,2005-12-30,0,0,"Speech, Language, and Communication BCIs",,,,,https://www.semanticscholar.org/paper/00530ef562927332b5b12c78661068c7740991dd,https://www.semanticscholar.org/paper/00530ef562927332b5b12c78661068c7740991dd,,Computer Science; Engineering; Medicine,True
2005,144,144,,4.5,citations=0; influential=0; BCI term matches=1; title BCI matches=1; open PDF metadata,18a72b5a06e4b86f9db25a93fd6424ba1ee441da,Composing music with the “musical brain cap” based on the g.tec BCI,,,,0,0,General BCI Methods and Systems,,,,,https://www.semanticscholar.org/paper/18a72b5a06e4b86f9db25a93fd6424ba1ee441da,https://www.semanticscholar.org/paper/18a72b5a06e4b86f9db25a93fd6424ba1ee441da,,Computer Science; Engineering,True
2005,145,145,,4.5,citations=0; influential=0; BCI term matches=1; title BCI matches=1; open PDF metadata,2c4cc22082cb5cc7d1a07eb9b9bb5c9cd3dc16ca,Brain-machine interfaces : a novel paradigm for the study of learning and adaptation,E. Miranda,,,0,0,General BCI Methods and Systems,,,,,https://www.semanticscholar.org/paper/2c4cc22082cb5cc7d1a07eb9b9bb5c9cd3dc16ca,https://www.semanticscholar.org/paper/2c4cc22082cb5cc7d1a07eb9b9bb5c9cd3dc16ca,,Computer Science,True
2005,146,146,,4.5,citations=0; influential=0; BCI term matches=1; title BCI matches=1; open PDF metadata,fc34697fec998645fb33ad1b5fb5495b79e6ad2d,Brain-computer interface: A new channel for information communicate between human brain and environments,"万柏坤, 高扬, 赵丽, 綦宏志",,2005-02-28,0,0,General BCI Methods and Systems,,,,,https://www.semanticscholar.org/paper/fc34697fec998645fb33ad1b5fb5495b79e6ad2d,https://www.semanticscholar.org/paper/fc34697fec998645fb33ad1b5fb5495b79e6ad2d,,Biology; Computer Science,True
2005,147,147,,4.5,citations=0; influential=0; BCI term matches=1; title BCI matches=1; open PDF metadata,e3cde7f260d898782bfb003946d1c325ab969272,Brain computer interface: attività e comunicazione per l’inserimento sociale nei gravi disordini del movimento,"G. Andreoni, E. Beretta, L. Maggi, V. Martocchi, S. Parini, L. Piccini, et al.",,,0,0,General BCI Methods and Systems,,,,,https://www.semanticscholar.org/paper/e3cde7f260d898782bfb003946d1c325ab969272,https://www.semanticscholar.org/paper/e3cde7f260d898782bfb003946d1c325ab969272,,Medicine,True
2005,148,148,,4.5,citations=0; influential=0; BCI term matches=1; title BCI matches=1; open PDF metadata,6301dc21c71f0e3a2bbb0ff69e8e5c6c4ec7d330,"Brain activity in people with spinal cord injury, with applications to brain-computer interfaces for neuroprosthetic control",P. Boord,,,0,0,Rehabilitation and Neuroprosthetics,,,,,https://www.semanticscholar.org/paper/6301dc21c71f0e3a2bbb0ff69e8e5c6c4ec7d330,https://www.semanticscholar.org/paper/6301dc21c71f0e3a2bbb0ff69e8e5c6c4ec7d330,,Engineering; Medicine,True
2005,149,149,,4.5,citations=0; influential=0; BCI term matches=1; title BCI matches=1; open PDF metadata,3b080b16eb52dfd9a83e38ea613d364a90ee250e,Brain Computer Interface Based Prosthesis Control,Hania Fayyaz Rana,,2005-07-01,0,0,Rehabilitation and Neuroprosthetics,,,,,https://www.semanticscholar.org/paper/3b080b16eb52dfd9a83e38ea613d364a90ee250e,https://www.semanticscholar.org/paper/3b080b16eb52dfd9a83e38ea613d364a90ee250e,,Computer Science; Engineering,True
2005,150,150,,4.5,citations=0; influential=0; BCI term matches=1; title BCI matches=1; open PDF metadata,ead090353679819b8091718a4d00397f9ec5710a,Bayesian Method for Continuous Cursor Control in EEG-Based Brain-Computer Interface,"Xiaoyuan Zhu, Cuntai Guan, Jiankang Wu, Yimin Cheng, Yixiao Wang",2005 IEEE Engineering in Medicine and Biology 27th Annual Conference,,0,0,EEG Signal Processing and Datasets,,10.1109/iembs.2005.1616130,,,https://doi.org/10.1109/iembs.2005.1616130,https://www.semanticscholar.org/paper/ead090353679819b8091718a4d00397f9ec5710a,,Engineering; Medicine,True
2005,151,151,,4.5,citations=0; influential=0; BCI term matches=1; title BCI matches=1; open PDF metadata,40d983edc655f0b47d96a5d0af4baa2a25ded977,BUT WILL BRAIN-COMPUTER INTERFACES WORK IN HUMANS?,Stephanie Cajigal,,2005-11-01,0,0,General BCI Methods and Systems,,10.1097/00132985-200511000-00010,,,https://doi.org/10.1097/00132985-200511000-00010,https://www.semanticscholar.org/paper/40d983edc655f0b47d96a5d0af4baa2a25ded977,,Computer Science; Medicine; Psychology,True
2005,152,152,,4.5,citations=0; influential=0; BCI term matches=1; title BCI matches=1; open PDF metadata,1705988e0508ca767308971f30e86cc993e1400a,Appropriate normalisation for selective eigen rate method in separating principal components of VEP and EEG in BCI,"S. Andrews, N. Kamel, David Ngo, R. Palaniappan",,2005-07-15,0,0,EEG Signal Processing and Datasets,,,,,https://www.semanticscholar.org/paper/1705988e0508ca767308971f30e86cc993e1400a,https://www.semanticscholar.org/paper/1705988e0508ca767308971f30e86cc993e1400a,,Computer Science; Engineering,True
2005,153,153,,4.5,citations=0; influential=0; BCI term matches=1; title BCI matches=1; open PDF metadata,d7e85982086c7d9e70cfafb64cea91ff5daf6ea7,An improvement of a time-frequency approach for an EEG-based brain-computer interface,N. Yamawaki,,,0,0,EEG Signal Processing and Datasets,,,,,https://www.semanticscholar.org/paper/d7e85982086c7d9e70cfafb64cea91ff5daf6ea7,https://www.semanticscholar.org/paper/d7e85982086c7d9e70cfafb64cea91ff5daf6ea7,,Computer Science; Engineering; Medicine,True
2005,154,154,,4.5,citations=0; influential=0; BCI term matches=1; title BCI matches=1; open PDF metadata,d2a52a039d74b07b86358992a9fcaf11c5f74800,An Improved Algorithm to Extract ERP Component for Brain-Computer Interfaces,"Yaguang Chen, Kefang Gao",2005 IEEE Engineering in Medicine and Biology 27th Annual Conference,,0,0,"SSVEP, P300, and ERP Spellers",,10.1109/IEMBS.2005.1615387,,17281157,https://doi.org/10.1109/IEMBS.2005.1615387,https://www.semanticscholar.org/paper/d2a52a039d74b07b86358992a9fcaf11c5f74800,,Computer Science; Medicine,True
2005,155,155,,4.5,citations=0; influential=0; BCI term matches=1; title BCI matches=1; open PDF metadata,7c0fa6986057f827fa4fcc2763e02de5e8bc0b60,A brain-computer interface to control a prosthetic hand / Yong Xin Yi,X. Yong,,2005-11-27,0,0,Motor Imagery and Movement Decoding,,,,,https://www.semanticscholar.org/paper/7c0fa6986057f827fa4fcc2763e02de5e8bc0b60,https://www.semanticscholar.org/paper/7c0fa6986057f827fa4fcc2763e02de5e8bc0b60,,Computer Science; Engineering; Medicine,True
2005,156,156,,4.5,citations=0; influential=0; BCI term matches=1; title BCI matches=1; open PDF metadata,a46e92418b9fb2d1d75f40d1ef60bef138f59d16,A New Type of Human-computer Interface--Brain-computer Interface,Wang Wen-yuan,,,0,0,General BCI Methods and Systems,,,,,https://www.semanticscholar.org/paper/a46e92418b9fb2d1d75f40d1ef60bef138f59d16,https://www.semanticscholar.org/paper/a46e92418b9fb2d1d75f40d1ef60bef138f59d16,,Computer Science; Engineering,True
2005,157,157,,4.5,citations=0; influential=0; BCI term matches=1; title BCI matches=1; open PDF metadata,e9d2a37c1af5c76abf158a362efa734c1a1cd5a0,A Brain-Computer Interface: Expectancy Potentials,"Adrijan Božinovski, L. Božinovska, S. Tonkovic",,,0,0,General BCI Methods and Systems,,,,,https://www.semanticscholar.org/paper/e9d2a37c1af5c76abf158a362efa734c1a1cd5a0,https://www.semanticscholar.org/paper/e9d2a37c1af5c76abf158a362efa734c1a1cd5a0,,Computer Science,True
2005,158,158,,4.5,citations=0; influential=0; BCI term matches=1; title BCI matches=1; open PDF metadata,62bd6b8836360380de40c27a55f487999720a1da,"1P2-N-129 Spinal nervous systems simulator for behavior based brain-machine interface(Medical and Welfare Robotics and Mechatronics 2,Mega-Integration in Robotics and Mechatronics to Assist Our Daily Lives)","M. Otake, Yoshihiko Nakamura",,,0,0,General BCI Methods and Systems,,10.1299/jsmermd.2005.119_2,,,https://doi.org/10.1299/jsmermd.2005.119_2,https://www.semanticscholar.org/paper/62bd6b8836360380de40c27a55f487999720a1da,https://doi.org/10.1299/jsmermd.2005.119_2,Engineering; Medicine,True
